asset_ref	kind	host	local_candidate	exists
../../ajax.googleapis.com/ajax/libs/jquery/3.6.0/jquery.min.js	relative	dave-blake.com	/Users/daveblake/site-backups/dave-blake-sspro/dave-blake.com/blog/../../ajax.googleapis.com/ajax/libs/jquery/3.6.0/jquery.min.js	1
../../assets.squarespace.com/@sqs/polyfiller/1.6/legacy.js	relative	dave-blake.com	/Users/daveblake/site-backups/dave-blake-sspro/dave-blake.com/blog/../../assets.squarespace.com/@sqs/polyfiller/1.6/legacy.js	1
../../assets.squarespace.com/@sqs/polyfiller/1.6/modern.js	relative	dave-blake.com	/Users/daveblake/site-backups/dave-blake-sspro/dave-blake.com/blog/../../assets.squarespace.com/@sqs/polyfiller/1.6/modern.js	1
../../assets.squarespace.com/universal/scripts-compressed/cldr-resource-pack-22ed584d99d9b83d-min.en-US.js	relative	dave-blake.com	/Users/daveblake/site-backups/dave-blake-sspro/dave-blake.com/blog/../../assets.squarespace.com/universal/scripts-compressed/cldr-resource-pack-22ed584d99d9b83d-min.en-US.js	1
../../assets.squarespace.com/universal/scripts-compressed/commerce-0225c3a170c79325-min.en-US.js	relative	dave-blake.com	/Users/daveblake/site-backups/dave-blake-sspro/dave-blake.com/blog/../../assets.squarespace.com/universal/scripts-compressed/commerce-0225c3a170c79325-min.en-US.js	1
../../assets.squarespace.com/universal/scripts-compressed/common-7989285b8edc864e-min.en-US.js	relative	dave-blake.com	/Users/daveblake/site-backups/dave-blake-sspro/dave-blake.com/blog/../../assets.squarespace.com/universal/scripts-compressed/common-7989285b8edc864e-min.en-US.js	1
../../assets.squarespace.com/universal/scripts-compressed/common-vendors-4eceb3db532a1896-min.en-US.js	relative	dave-blake.com	/Users/daveblake/site-backups/dave-blake-sspro/dave-blake.com/blog/../../assets.squarespace.com/universal/scripts-compressed/common-vendors-4eceb3db532a1896-min.en-US.js	1
../../assets.squarespace.com/universal/scripts-compressed/common-vendors-stable-fbd854d40b0804b7-min.en-US.js	relative	dave-blake.com	/Users/daveblake/site-backups/dave-blake-sspro/dave-blake.com/blog/../../assets.squarespace.com/universal/scripts-compressed/common-vendors-stable-fbd854d40b0804b7-min.en-US.js	1
../../assets.squarespace.com/universal/scripts-compressed/extract-css-moment-js-vendor-6f2a1f6ec9a41489-min.en-US.js	relative	dave-blake.com	/Users/daveblake/site-backups/dave-blake-sspro/dave-blake.com/blog/../../assets.squarespace.com/universal/scripts-compressed/extract-css-moment-js-vendor-6f2a1f6ec9a41489-min.en-US.js	1
../../assets.squarespace.com/universal/scripts-compressed/extract-css-runtime-37a22516b27a7e8b-min.en-US.js	relative	dave-blake.com	/Users/daveblake/site-backups/dave-blake-sspro/dave-blake.com/blog/../../assets.squarespace.com/universal/scripts-compressed/extract-css-runtime-37a22516b27a7e8b-min.en-US.js	1
../../assets.squarespace.com/universal/scripts-compressed/performance-6c7058b44420b6db-min.en-US.js	relative	dave-blake.com	/Users/daveblake/site-backups/dave-blake-sspro/dave-blake.com/blog/../../assets.squarespace.com/universal/scripts-compressed/performance-6c7058b44420b6db-min.en-US.js	1
../../assets.squarespace.com/universal/scripts-compressed/simple-liking-c63bf8989a1c119a-min.en-US.js	relative	dave-blake.com	/Users/daveblake/site-backups/dave-blake-sspro/dave-blake.com/blog/../../assets.squarespace.com/universal/scripts-compressed/simple-liking-c63bf8989a1c119a-min.en-US.js	1
../../assets.squarespace.com/universal/scripts-compressed/social-buttons-0d3103d68d9577b7-min.en-US.js	relative	dave-blake.com	/Users/daveblake/site-backups/dave-blake-sspro/dave-blake.com/blog/../../assets.squarespace.com/universal/scripts-compressed/social-buttons-0d3103d68d9577b7-min.en-US.js	1
../../assets.squarespace.com/universal/scripts-compressed/user-account-core-b4aa0c8a8a664afe-min.en-US.js	relative	dave-blake.com	/Users/daveblake/site-backups/dave-blake-sspro/dave-blake.com/blog/../../assets.squarespace.com/universal/scripts-compressed/user-account-core-b4aa0c8a8a664afe-min.en-US.js	1
../../assets.squarespace.com/universal/styles-compressed/commerce-b16e90b1fba4d359-min.en-US.css	relative	dave-blake.com	/Users/daveblake/site-backups/dave-blake-sspro/dave-blake.com/blog/../../assets.squarespace.com/universal/styles-compressed/commerce-b16e90b1fba4d359-min.en-US.css	1
../../assets.squarespace.com/universal/styles-compressed/simple-liking-701bf8bbc05ec6aa-min.en-US.css	relative	dave-blake.com	/Users/daveblake/site-backups/dave-blake-sspro/dave-blake.com/blog/../../assets.squarespace.com/universal/styles-compressed/simple-liking-701bf8bbc05ec6aa-min.en-US.css	1
../../assets.squarespace.com/universal/styles-compressed/social-buttons-95032e5fa98e47a5-min.en-US.css	relative	dave-blake.com	/Users/daveblake/site-backups/dave-blake-sspro/dave-blake.com/blog/../../assets.squarespace.com/universal/styles-compressed/social-buttons-95032e5fa98e47a5-min.en-US.css	1
../../assets.squarespace.com/universal/styles-compressed/user-account-core-d101a9d3cd0580b1-min.en-US.css	relative	dave-blake.com	/Users/daveblake/site-backups/dave-blake-sspro/dave-blake.com/blog/../../assets.squarespace.com/universal/styles-compressed/user-account-core-d101a9d3cd0580b1-min.en-US.css	1
../../content-shoots.dave-blake.com/index.html	relative	dave-blake.com	/Users/daveblake/site-backups/dave-blake-sspro/dave-blake.com/blog/../../content-shoots.dave-blake.com/index.html	1
../../definitions.sqspcdn.com/website-component-definition/static-assets/website.components.code/d4b54f6d-5d34-47ea-b11a-bc2bb419986c_159/website.components.code.styles.css	relative	dave-blake.com	/Users/daveblake/site-backups/dave-blake-sspro/dave-blake.com/blog/../../definitions.sqspcdn.com/website-component-definition/static-assets/website.components.code/d4b54f6d-5d34-47ea-b11a-bc2bb419986c_159/website.components.code.styles.css	1
../../definitions.sqspcdn.com/website-component-definition/static-assets/website.components.code/d4b54f6d-5d34-47ea-b11a-bc2bb419986c_159/website.components.code.visitor.js	relative	dave-blake.com	/Users/daveblake/site-backups/dave-blake-sspro/dave-blake.com/blog/../../definitions.sqspcdn.com/website-component-definition/static-assets/website.components.code/d4b54f6d-5d34-47ea-b11a-bc2bb419986c_159/website.components.code.visitor.js	1
../../definitions.sqspcdn.com/website-component-definition/static-assets/website.components.spacer/1290e536-a2dd-4aa5-9df5-fe85f87bb016_436/website.components.spacer.styles.css	relative	dave-blake.com	/Users/daveblake/site-backups/dave-blake-sspro/dave-blake.com/blog/../../definitions.sqspcdn.com/website-component-definition/static-assets/website.components.spacer/1290e536-a2dd-4aa5-9df5-fe85f87bb016_436/website.components.spacer.styles.css	1
../../definitions.sqspcdn.com/website-component-definition/static-assets/website.components.spacer/1290e536-a2dd-4aa5-9df5-fe85f87bb016_436/website.components.spacer.visitor.js	relative	dave-blake.com	/Users/daveblake/site-backups/dave-blake-sspro/dave-blake.com/blog/../../definitions.sqspcdn.com/website-component-definition/static-assets/website.components.spacer/1290e536-a2dd-4aa5-9df5-fe85f87bb016_436/website.components.spacer.visitor.js	1
../../images.squarespace-cdn.com/content/v1/54b09e7ce4b0755e628b618e/1441180547530-K7RX78RXL1TER8DL8WD8/favicon.ico.png	relative	dave-blake.com	/Users/daveblake/site-backups/dave-blake-sspro/dave-blake.com/blog/../../images.squarespace-cdn.com/content/v1/54b09e7ce4b0755e628b618e/1441180547530-K7RX78RXL1TER8DL8WD8/favicon.ico.png	1
../../images.squarespace-cdn.com/content/v1/54b09e7ce4b0755e628b618e/1573522367076-10LCC8YUHAD9PIRAXSER/054_Victoria-Germyn+by+Dave+Blake-PERSONAL_20190913_New+York_retouched.jpg	relative	dave-blake.com	/Users/daveblake/site-backups/dave-blake-sspro/dave-blake.com/blog/../../images.squarespace-cdn.com/content/v1/54b09e7ce4b0755e628b618e/1573522367076-10LCC8YUHAD9PIRAXSER/054_Victoria-Germyn+by+Dave+Blake-PERSONAL_20190913_New+York_retouched.jpg	1
../../images.squarespace-cdn.com/content/v1/54b09e7ce4b0755e628b618e/1573605095041-EURVZVKFA9O6ROC8F3PC/149_Victoria-Germyn+by+Dave+Blake-ADV_20190913__retouched.jpg	relative	dave-blake.com	/Users/daveblake/site-backups/dave-blake-sspro/dave-blake.com/blog/../../images.squarespace-cdn.com/content/v1/54b09e7ce4b0755e628b618e/1573605095041-EURVZVKFA9O6ROC8F3PC/149_Victoria-Germyn+by+Dave+Blake-ADV_20190913__retouched.jpg	1
../../images.squarespace-cdn.com/content/v1/54b09e7ce4b0755e628b618e/1573683456331-OB3VUX1LXV7H2AB0T5WB/CHARLOTTE+COQUELIN+by+Dave+Blake+(174-CHARLOTTE-COQUELIN).jpg	relative	dave-blake.com	/Users/daveblake/site-backups/dave-blake-sspro/dave-blake.com/blog/../../images.squarespace-cdn.com/content/v1/54b09e7ce4b0755e628b618e/1573683456331-OB3VUX1LXV7H2AB0T5WB/CHARLOTTE+COQUELIN+by+Dave+Blake+(174-CHARLOTTE-COQUELIN).jpg	1
../../images.squarespace-cdn.com/content/v1/54b09e7ce4b0755e628b618e/1574039103264-ASGV7AZ6E3JWYBT10K0X/188_Victoria-Germyn+by+Dave+Blake-20190913_New+York_retouched.jpg	relative	dave-blake.com	/Users/daveblake/site-backups/dave-blake-sspro/dave-blake.com/blog/../../images.squarespace-cdn.com/content/v1/54b09e7ce4b0755e628b618e/1574039103264-ASGV7AZ6E3JWYBT10K0X/188_Victoria-Germyn+by+Dave+Blake-20190913_New+York_retouched.jpg	1
../../images.squarespace-cdn.com/content/v1/54b09e7ce4b0755e628b618e/1574204040448-1FD3DJTH60C9JTA6JHPG/181_Victoria-Germyn_3+by+Dave+Blake-PERSONAL_20190913_New+York_retouched+2.jpg	relative	dave-blake.com	/Users/daveblake/site-backups/dave-blake-sspro/dave-blake.com/blog/../../images.squarespace-cdn.com/content/v1/54b09e7ce4b0755e628b618e/1574204040448-1FD3DJTH60C9JTA6JHPG/181_Victoria-Germyn_3+by+Dave+Blake-PERSONAL_20190913_New+York_retouched+2.jpg	1
../../images.squarespace-cdn.com/content/v1/54b09e7ce4b0755e628b618e/1587452677035-4TTTKDGGGO354DRTJ620/039-Kate+by+Dave+Blake++++++++++++++++++++++++++++++++++++++++++++-PERSONAL_20180426__retouched.jpg	relative	dave-blake.com	/Users/daveblake/site-backups/dave-blake-sspro/dave-blake.com/blog/../../images.squarespace-cdn.com/content/v1/54b09e7ce4b0755e628b618e/1587452677035-4TTTKDGGGO354DRTJ620/039-Kate+by+Dave+Blake++++++++++++++++++++++++++++++++++++++++++++-PERSONAL_20180426__retouched.jpg	1
../../images.squarespace-cdn.com/content/v1/54b09e7ce4b0755e628b618e/1599533572632-Y4WZLPVGY35P0E4JV11P/1096-flora-bella+by+Dave+Blake_PERSONAL_+2020_Lauren-Wet-Dress_Byron+Bay.jpg	relative	dave-blake.com	/Users/daveblake/site-backups/dave-blake-sspro/dave-blake.com/blog/../../images.squarespace-cdn.com/content/v1/54b09e7ce4b0755e628b618e/1599533572632-Y4WZLPVGY35P0E4JV11P/1096-flora-bella+by+Dave+Blake_PERSONAL_+2020_Lauren-Wet-Dress_Byron+Bay.jpg	1
../../images.squarespace-cdn.com/content/v1/54b09e7ce4b0755e628b618e/1599533597629-OVXJXNVJX6HYC0Q6GNQX/1104-flora-bella+by+Dave+Blake_PERSONAL_+2020_Lauren-Wet-Dress_Byron+Bay.jpg	relative	dave-blake.com	/Users/daveblake/site-backups/dave-blake-sspro/dave-blake.com/blog/../../images.squarespace-cdn.com/content/v1/54b09e7ce4b0755e628b618e/1599533597629-OVXJXNVJX6HYC0Q6GNQX/1104-flora-bella+by+Dave+Blake_PERSONAL_+2020_Lauren-Wet-Dress_Byron+Bay.jpg	1
../../images.squarespace-cdn.com/content/v1/54b09e7ce4b0755e628b618e/1601773137068-ZAG2JYY3GHYXBS1VYDRU/5_358-Lauren+by+Dave+Blake+_PERSONAL_+2020_Johansen-Dior_Byron+Bay.jpg	relative	dave-blake.com	/Users/daveblake/site-backups/dave-blake-sspro/dave-blake.com/blog/../../images.squarespace-cdn.com/content/v1/54b09e7ce4b0755e628b618e/1601773137068-ZAG2JYY3GHYXBS1VYDRU/5_358-Lauren+by+Dave+Blake+_PERSONAL_+2020_Johansen-Dior_Byron+Bay.jpg	1
../../images.squarespace-cdn.com/content/v1/54b09e7ce4b0755e628b618e/1601777608560-MO4UO930ZHCXGRDHJLYN/1_Dior-Johansen_80s-Beauty+by+Dave+Blake_35mm-Kodak-Ektachrome-E100-cross-processed.jpg	relative	dave-blake.com	/Users/daveblake/site-backups/dave-blake-sspro/dave-blake.com/blog/../../images.squarespace-cdn.com/content/v1/54b09e7ce4b0755e628b618e/1601777608560-MO4UO930ZHCXGRDHJLYN/1_Dior-Johansen_80s-Beauty+by+Dave+Blake_35mm-Kodak-Ektachrome-E100-cross-processed.jpg	1
../../images.squarespace-cdn.com/content/v1/54b09e7ce4b0755e628b618e/1602029701156-JX88YCLUASXRG58YC1PQ/4_159-Michelle-Bagarra+1+by+Dave+Blake_PERSONAL_2020_Editorial_Miami+Beach_retouched+by+Dave+Blake.jpg	relative	dave-blake.com	/Users/daveblake/site-backups/dave-blake-sspro/dave-blake.com/blog/../../images.squarespace-cdn.com/content/v1/54b09e7ce4b0755e628b618e/1602029701156-JX88YCLUASXRG58YC1PQ/4_159-Michelle-Bagarra+1+by+Dave+Blake_PERSONAL_2020_Editorial_Miami+Beach_retouched+by+Dave+Blake.jpg	1
../../images.squarespace-cdn.com/content/v1/54b09e7ce4b0755e628b618e/1603502517284-5EFE8NLT2FQ0I83YTBMP/563-Tania-Olsen+by+Dave+Blake.jpg	relative	dave-blake.com	/Users/daveblake/site-backups/dave-blake-sspro/dave-blake.com/blog/../../images.squarespace-cdn.com/content/v1/54b09e7ce4b0755e628b618e/1603502517284-5EFE8NLT2FQ0I83YTBMP/563-Tania-Olsen+by+Dave+Blake.jpg	1
../../images.squarespace-cdn.com/content/v1/54b09e7ce4b0755e628b618e/1603502933058-425LRN0H8TL40X2079HA/Tania+Olsen+by+Dave+Blake.JPG	relative	dave-blake.com	/Users/daveblake/site-backups/dave-blake-sspro/dave-blake.com/blog/../../images.squarespace-cdn.com/content/v1/54b09e7ce4b0755e628b618e/1603502933058-425LRN0H8TL40X2079HA/Tania+Olsen+by+Dave+Blake.JPG	1
../../images.squarespace-cdn.com/content/v1/54b09e7ce4b0755e628b618e/1607655650845-9RJTVU633MBXQS2U50YE/1_001a-loli-watson+by+Dave+Blake+2020+Byron+Bay+copy.jpg	relative	dave-blake.com	/Users/daveblake/site-backups/dave-blake-sspro/dave-blake.com/blog/../../images.squarespace-cdn.com/content/v1/54b09e7ce4b0755e628b618e/1607655650845-9RJTVU633MBXQS2U50YE/1_001a-loli-watson+by+Dave+Blake+2020+Byron+Bay+copy.jpg	1
../../images.squarespace-cdn.com/content/v1/54b09e7ce4b0755e628b618e/1614656156001-T14ASNYPDTUTFJSN542B/Michelle+Bagarra+X+Denim+by+Dave+Blake_+1210-oneby1_Byron+Bay_2020.jpg	relative	dave-blake.com	/Users/daveblake/site-backups/dave-blake-sspro/dave-blake.com/blog/../../images.squarespace-cdn.com/content/v1/54b09e7ce4b0755e628b618e/1614656156001-T14ASNYPDTUTFJSN542B/Michelle+Bagarra+X+Denim+by+Dave+Blake_+1210-oneby1_Byron+Bay_2020.jpg	1
../../images.squarespace-cdn.com/content/v1/54b09e7ce4b0755e628b618e/1615170069337-TWN10JJLC41VHDYNN3UW/30_Chaye+Hartwell+by+Dave+Blake__N012628_Byron+Bay_2021.jpg	relative	dave-blake.com	/Users/daveblake/site-backups/dave-blake-sspro/dave-blake.com/blog/../../images.squarespace-cdn.com/content/v1/54b09e7ce4b0755e628b618e/1615170069337-TWN10JJLC41VHDYNN3UW/30_Chaye+Hartwell+by+Dave+Blake__N012628_Byron+Bay_2021.jpg	1
../../images.squarespace-cdn.com/content/v1/54b09e7ce4b0755e628b618e/1620872721786-6G518EQL9KD47AROJYVG/Charlotte+Coquelin+by+Dave+Blake_092-Charlotte_Sydney_2021.jpg	relative	dave-blake.com	/Users/daveblake/site-backups/dave-blake-sspro/dave-blake.com/blog/../../images.squarespace-cdn.com/content/v1/54b09e7ce4b0755e628b618e/1620872721786-6G518EQL9KD47AROJYVG/Charlotte+Coquelin+by+Dave+Blake_092-Charlotte_Sydney_2021.jpg	1
../../images.squarespace-cdn.com/content/v1/54b09e7ce4b0755e628b618e/1636589525852-454HBNFT2T3XNJAGSJXV/Stitch+&+Hide+X+Andy+Kovszun+by+Dave+Blake+stitchandhide_0890_Byron+Bay_2021.jpg	relative	dave-blake.com	/Users/daveblake/site-backups/dave-blake-sspro/dave-blake.com/blog/../../images.squarespace-cdn.com/content/v1/54b09e7ce4b0755e628b618e/1636589525852-454HBNFT2T3XNJAGSJXV/Stitch+&+Hide+X+Andy+Kovszun+by+Dave+Blake+stitchandhide_0890_Byron+Bay_2021.jpg	1
../../images.squarespace-cdn.com/content/v1/54b09e7ce4b0755e628b618e/1638764030377-DX27X196LYW9IER8XG5C/Stitch+&+Hide+X+Andy+Kovszun+by+Dave+Blake+stitchandhide_1254_Byron+Bay_2021.jpg	relative	dave-blake.com	/Users/daveblake/site-backups/dave-blake-sspro/dave-blake.com/blog/../../images.squarespace-cdn.com/content/v1/54b09e7ce4b0755e628b618e/1638764030377-DX27X196LYW9IER8XG5C/Stitch+&+Hide+X+Andy+Kovszun+by+Dave+Blake+stitchandhide_1254_Byron+Bay_2021.jpg	1
../../images.squarespace-cdn.com/content/v1/54b09e7ce4b0755e628b618e/1641362961473-YTD6T2G8XX5Q2UT6AN2Q/Craig+Ruddy+by+Dave+Blake+craig-ruddy_080_Byron+Bay_2021.jpg	relative	dave-blake.com	/Users/daveblake/site-backups/dave-blake-sspro/dave-blake.com/blog/../../images.squarespace-cdn.com/content/v1/54b09e7ce4b0755e628b618e/1641362961473-YTD6T2G8XX5Q2UT6AN2Q/Craig+Ruddy+by+Dave+Blake+craig-ruddy_080_Byron+Bay_2021.jpg	1
../../images.squarespace-cdn.com/content/v1/54b09e7ce4b0755e628b618e/1643756898536-5PHRLOLMRSBBX6UA7BAJ/image-asset.jpeg	relative	dave-blake.com	/Users/daveblake/site-backups/dave-blake-sspro/dave-blake.com/blog/../../images.squarespace-cdn.com/content/v1/54b09e7ce4b0755e628b618e/1643756898536-5PHRLOLMRSBBX6UA7BAJ/image-asset.jpeg	1
../../images.squarespace-cdn.com/content/v1/54b09e7ce4b0755e628b618e/1644309517130-ZSZKIPBU3Q4JASQCE03L/image-asset.jpeg	relative	dave-blake.com	/Users/daveblake/site-backups/dave-blake-sspro/dave-blake.com/blog/../../images.squarespace-cdn.com/content/v1/54b09e7ce4b0755e628b618e/1644309517130-ZSZKIPBU3Q4JASQCE03L/image-asset.jpeg	1
../../images.squarespace-cdn.com/content/v1/54b09e7ce4b0755e628b618e/1646099402095-ZKRSKQWQXH3RUCBE6EZE/Stephanie+Carta+by+Dave+Blake+Steph_339__2022+1.jpg	relative	dave-blake.com	/Users/daveblake/site-backups/dave-blake-sspro/dave-blake.com/blog/../../images.squarespace-cdn.com/content/v1/54b09e7ce4b0755e628b618e/1646099402095-ZKRSKQWQXH3RUCBE6EZE/Stephanie+Carta+by+Dave+Blake+Steph_339__2022+1.jpg	1
../../images.squarespace-cdn.com/content/v1/54b09e7ce4b0755e628b618e/1646099623101-N8IN65KGZRRWO828YK31/Stephanie+Carta+by+Dave+Blake+Steph_226__2022.jpg	relative	dave-blake.com	/Users/daveblake/site-backups/dave-blake-sspro/dave-blake.com/blog/../../images.squarespace-cdn.com/content/v1/54b09e7ce4b0755e628b618e/1646099623101-N8IN65KGZRRWO828YK31/Stephanie+Carta+by+Dave+Blake+Steph_226__2022.jpg	1
../../images.squarespace-cdn.com/content/v1/54b09e7ce4b0755e628b618e/1651721036184-17EECI9OX1J8F7QKG00Y/AJE_0078+1.jpg	relative	dave-blake.com	/Users/daveblake/site-backups/dave-blake-sspro/dave-blake.com/blog/../../images.squarespace-cdn.com/content/v1/54b09e7ce4b0755e628b618e/1651721036184-17EECI9OX1J8F7QKG00Y/AJE_0078+1.jpg	1
../../images.squarespace-cdn.com/content/v1/54b09e7ce4b0755e628b618e/1651721039005-LEVT3WGXL3UPXI2OEYTC/AJE_0836+1.jpg	relative	dave-blake.com	/Users/daveblake/site-backups/dave-blake-sspro/dave-blake.com/blog/../../images.squarespace-cdn.com/content/v1/54b09e7ce4b0755e628b618e/1651721039005-LEVT3WGXL3UPXI2OEYTC/AJE_0836+1.jpg	1
../../images.squarespace-cdn.com/content/v1/54b09e7ce4b0755e628b618e/1651721039789-SNE8HTBA4FWG449DBZZF/AJE_1262+1.jpg	relative	dave-blake.com	/Users/daveblake/site-backups/dave-blake-sspro/dave-blake.com/blog/../../images.squarespace-cdn.com/content/v1/54b09e7ce4b0755e628b618e/1651721039789-SNE8HTBA4FWG449DBZZF/AJE_1262+1.jpg	1
../../images.squarespace-cdn.com/content/v1/54b09e7ce4b0755e628b618e/1653903616717-TMP8GC9RP7MH50JKBAG2/image-asset.jpeg	relative	dave-blake.com	/Users/daveblake/site-backups/dave-blake-sspro/dave-blake.com/blog/../../images.squarespace-cdn.com/content/v1/54b09e7ce4b0755e628b618e/1653903616717-TMP8GC9RP7MH50JKBAG2/image-asset.jpeg	1
../../images.squarespace-cdn.com/content/v1/54b09e7ce4b0755e628b618e/1654043440216-QVICB1R2OKR4TPW3Q6IQ/image-asset.jpeg	relative	dave-blake.com	/Users/daveblake/site-backups/dave-blake-sspro/dave-blake.com/blog/../../images.squarespace-cdn.com/content/v1/54b09e7ce4b0755e628b618e/1654043440216-QVICB1R2OKR4TPW3Q6IQ/image-asset.jpeg	1
../../images.squarespace-cdn.com/content/v1/54b09e7ce4b0755e628b618e/1654045231425-T19VE1Q20QRJJA5KBXCL/image-asset.jpeg	relative	dave-blake.com	/Users/daveblake/site-backups/dave-blake-sspro/dave-blake.com/blog/../../images.squarespace-cdn.com/content/v1/54b09e7ce4b0755e628b618e/1654045231425-T19VE1Q20QRJJA5KBXCL/image-asset.jpeg	1
../../images.squarespace-cdn.com/content/v1/54b09e7ce4b0755e628b618e/1655851095343-UTWV0V30A9BZ8QWYW1EP/AJE_0392+1.jpg	relative	dave-blake.com	/Users/daveblake/site-backups/dave-blake-sspro/dave-blake.com/blog/../../images.squarespace-cdn.com/content/v1/54b09e7ce4b0755e628b618e/1655851095343-UTWV0V30A9BZ8QWYW1EP/AJE_0392+1.jpg	1
../../images.squarespace-cdn.com/content/v1/54b09e7ce4b0755e628b618e/1657005949688-7Y1Q3TA1YFP1NNCK7TGP/376-Kate.jpg	relative	dave-blake.com	/Users/daveblake/site-backups/dave-blake-sspro/dave-blake.com/blog/../../images.squarespace-cdn.com/content/v1/54b09e7ce4b0755e628b618e/1657005949688-7Y1Q3TA1YFP1NNCK7TGP/376-Kate.jpg	1
../../images.squarespace-cdn.com/content/v1/54b09e7ce4b0755e628b618e/1657019087764-T9EK8MTTFCEXKNUAT793/AJE_0392-1a.jpg	relative	dave-blake.com	/Users/daveblake/site-backups/dave-blake-sspro/dave-blake.com/blog/../../images.squarespace-cdn.com/content/v1/54b09e7ce4b0755e628b618e/1657019087764-T9EK8MTTFCEXKNUAT793/AJE_0392-1a.jpg	1
../../images.squarespace-cdn.com/content/v1/54b09e7ce4b0755e628b618e/1657494020262-2LESNNH90JYGF8S4R4O1/285040316_1710013692668644_8856345332226617939_n.jpg	relative	dave-blake.com	/Users/daveblake/site-backups/dave-blake-sspro/dave-blake.com/blog/../../images.squarespace-cdn.com/content/v1/54b09e7ce4b0755e628b618e/1657494020262-2LESNNH90JYGF8S4R4O1/285040316_1710013692668644_8856345332226617939_n.jpg	1
../../images.squarespace-cdn.com/content/v1/54b09e7ce4b0755e628b618e/1667352434106-06KMOH8OMRQVPMSAQQG4/Anna_14371.jpg	relative	dave-blake.com	/Users/daveblake/site-backups/dave-blake-sspro/dave-blake.com/blog/../../images.squarespace-cdn.com/content/v1/54b09e7ce4b0755e628b618e/1667352434106-06KMOH8OMRQVPMSAQQG4/Anna_14371.jpg	1
../../images.squarespace-cdn.com/content/v1/54b09e7ce4b0755e628b618e/1668943440782-VV0U3L4G9DBA470KOCB4/image-asset.jpeg	relative	dave-blake.com	/Users/daveblake/site-backups/dave-blake-sspro/dave-blake.com/blog/../../images.squarespace-cdn.com/content/v1/54b09e7ce4b0755e628b618e/1668943440782-VV0U3L4G9DBA470KOCB4/image-asset.jpeg	1
../../images.squarespace-cdn.com/content/v1/54b09e7ce4b0755e628b618e/1678955355843-J9O21TKRU2KPWPCAAY4H/ferrari_308gts_03.jpg	relative	dave-blake.com	/Users/daveblake/site-backups/dave-blake-sspro/dave-blake.com/blog/../../images.squarespace-cdn.com/content/v1/54b09e7ce4b0755e628b618e/1678955355843-J9O21TKRU2KPWPCAAY4H/ferrari_308gts_03.jpg	1
../../images.squarespace-cdn.com/content/v1/54b09e7ce4b0755e628b618e/1678955365336-CU0T2P0UUL9WJFZU03CG/ferrari_308gts_06.jpg	relative	dave-blake.com	/Users/daveblake/site-backups/dave-blake-sspro/dave-blake.com/blog/../../images.squarespace-cdn.com/content/v1/54b09e7ce4b0755e628b618e/1678955365336-CU0T2P0UUL9WJFZU03CG/ferrari_308gts_06.jpg	1
../../images.squarespace-cdn.com/content/v1/54b09e7ce4b0755e628b618e/1679956802870-USMR2ANOJBXUTHTWPWN5/ferrari_308gts_10+1.jpg	relative	dave-blake.com	/Users/daveblake/site-backups/dave-blake-sspro/dave-blake.com/blog/../../images.squarespace-cdn.com/content/v1/54b09e7ce4b0755e628b618e/1679956802870-USMR2ANOJBXUTHTWPWN5/ferrari_308gts_10+1.jpg	1
../../images.squarespace-cdn.com/content/v1/54b09e7ce4b0755e628b618e/1693146419738-81YGSLCX6WTFCWBUA50O/DaveBlake_SwimwearShoot-ElleTimeless-001.jpg	relative	dave-blake.com	/Users/daveblake/site-backups/dave-blake-sspro/dave-blake.com/blog/../../images.squarespace-cdn.com/content/v1/54b09e7ce4b0755e628b618e/1693146419738-81YGSLCX6WTFCWBUA50O/DaveBlake_SwimwearShoot-ElleTimeless-001.jpg	1
../../images.squarespace-cdn.com/content/v1/54b09e7ce4b0755e628b618e/1693146437738-D17D0EBJG03SFNNM18SS/DaveBlake_RCoBleuShoot-ManaBeauty-003.jpg	relative	dave-blake.com	/Users/daveblake/site-backups/dave-blake-sspro/dave-blake.com/blog/../../images.squarespace-cdn.com/content/v1/54b09e7ce4b0755e628b618e/1693146437738-D17D0EBJG03SFNNM18SS/DaveBlake_RCoBleuShoot-ManaBeauty-003.jpg	1
../../images.squarespace-cdn.com/content/v1/54b09e7ce4b0755e628b618e/1693146458968-04FE8FLM5ODPF1K12VL1/DaveBlake_BeachColour-SophiaPortrait-001.jpg	relative	dave-blake.com	/Users/daveblake/site-backups/dave-blake-sspro/dave-blake.com/blog/../../images.squarespace-cdn.com/content/v1/54b09e7ce4b0755e628b618e/1693146458968-04FE8FLM5ODPF1K12VL1/DaveBlake_BeachColour-SophiaPortrait-001.jpg	1
../../images.squarespace-cdn.com/content/v1/54b09e7ce4b0755e628b618e/1693146541842-RFLILTSAQAQPOC5AMUQV/DaveBlake_LipsColour-MiaSquare-003.jpg	relative	dave-blake.com	/Users/daveblake/site-backups/dave-blake-sspro/dave-blake.com/blog/../../images.squarespace-cdn.com/content/v1/54b09e7ce4b0755e628b618e/1693146541842-RFLILTSAQAQPOC5AMUQV/DaveBlake_LipsColour-MiaSquare-003.jpg	1
../../images.squarespace-cdn.com/content/v1/54b09e7ce4b0755e628b618e/1693146634550-LBJTBUPZECLH86IZ03B2/DaveBlake_StudioShoot-BelleVive-001.jpg	relative	dave-blake.com	/Users/daveblake/site-backups/dave-blake-sspro/dave-blake.com/blog/../../images.squarespace-cdn.com/content/v1/54b09e7ce4b0755e628b618e/1693146634550-LBJTBUPZECLH86IZ03B2/DaveBlake_StudioShoot-BelleVive-001.jpg	1
../../images.squarespace-cdn.com/content/v1/54b09e7ce4b0755e628b618e/1693146671756-RW3TB8GSTRD0W4SPIKQW/DaveBlake_NYFW-OliviaVinten-001.jpg	relative	dave-blake.com	/Users/daveblake/site-backups/dave-blake-sspro/dave-blake.com/blog/../../images.squarespace-cdn.com/content/v1/54b09e7ce4b0755e628b618e/1693146671756-RW3TB8GSTRD0W4SPIKQW/DaveBlake_NYFW-OliviaVinten-001.jpg	1
../../images.squarespace-cdn.com/content/v1/54b09e7ce4b0755e628b618e/1693146705452-IQNBB6KFOV7QGNQT27G4/DaveBlake_RCoBleuShoot-ManaBeauty-001.jpg	relative	dave-blake.com	/Users/daveblake/site-backups/dave-blake-sspro/dave-blake.com/blog/../../images.squarespace-cdn.com/content/v1/54b09e7ce4b0755e628b618e/1693146705452-IQNBB6KFOV7QGNQT27G4/DaveBlake_RCoBleuShoot-ManaBeauty-001.jpg	1
../../images.squarespace-cdn.com/content/v1/54b09e7ce4b0755e628b618e/1693146728548-F9BFZD1EIZ1ZWQHHQ1SR/DaveBlake_BeachColor-LeaPortrait-001.jpg	relative	dave-blake.com	/Users/daveblake/site-backups/dave-blake-sspro/dave-blake.com/blog/../../images.squarespace-cdn.com/content/v1/54b09e7ce4b0755e628b618e/1693146728548-F9BFZD1EIZ1ZWQHHQ1SR/DaveBlake_BeachColor-LeaPortrait-001.jpg	1
../../images.squarespace-cdn.com/content/v1/54b09e7ce4b0755e628b618e/1693146778851-CHHO0682OS0HU0TV5JHS/DaveBlake_CloseUpBW-MiaPortrait-002.jpg	relative	dave-blake.com	/Users/daveblake/site-backups/dave-blake-sspro/dave-blake.com/blog/../../images.squarespace-cdn.com/content/v1/54b09e7ce4b0755e628b618e/1693146778851-CHHO0682OS0HU0TV5JHS/DaveBlake_CloseUpBW-MiaPortrait-002.jpg	1
../../images.squarespace-cdn.com/content/v1/54b09e7ce4b0755e628b618e/1693146798676-5J58P3MB24J9EMF0HZCS/DaveBlake_StudioBW-MiaPortrait-001.jpg	relative	dave-blake.com	/Users/daveblake/site-backups/dave-blake-sspro/dave-blake.com/blog/../../images.squarespace-cdn.com/content/v1/54b09e7ce4b0755e628b618e/1693146798676-5J58P3MB24J9EMF0HZCS/DaveBlake_StudioBW-MiaPortrait-001.jpg	1
../../images.squarespace-cdn.com/content/v1/54b09e7ce4b0755e628b618e/1693146821042-WI2J4Y29FZQZE3XMMS29/DaveBlake_BeautyCampaign-TrioElegance-002.jpg	relative	dave-blake.com	/Users/daveblake/site-backups/dave-blake-sspro/dave-blake.com/blog/../../images.squarespace-cdn.com/content/v1/54b09e7ce4b0755e628b618e/1693146821042-WI2J4Y29FZQZE3XMMS29/DaveBlake_BeautyCampaign-TrioElegance-002.jpg	1
../../images.squarespace-cdn.com/content/v1/54b09e7ce4b0755e628b618e/1693146863427-JUSP4V2CKW9BOFVXHS7S/DaveBlake_BeautyShoot-SoftFocus-001.jpg	relative	dave-blake.com	/Users/daveblake/site-backups/dave-blake-sspro/dave-blake.com/blog/../../images.squarespace-cdn.com/content/v1/54b09e7ce4b0755e628b618e/1693146863427-JUSP4V2CKW9BOFVXHS7S/DaveBlake_BeautyShoot-SoftFocus-001.jpg	1
../../images.squarespace-cdn.com/content/v1/54b09e7ce4b0755e628b618e/1693146882007-B5HMHKNEQBSRP2CVJUHI/DaveBlake_BeautyCampaign-GoldenEye-001.jpg	relative	dave-blake.com	/Users/daveblake/site-backups/dave-blake-sspro/dave-blake.com/blog/../../images.squarespace-cdn.com/content/v1/54b09e7ce4b0755e628b618e/1693146882007-B5HMHKNEQBSRP2CVJUHI/DaveBlake_BeautyCampaign-GoldenEye-001.jpg	1
../../images.squarespace-cdn.com/content/v1/54b09e7ce4b0755e628b618e/1693146893414-BMVBF08VH4W22KZLGGEE/DaveBlake_RCoBleuShoot-ManaBeauty-002.jpg	relative	dave-blake.com	/Users/daveblake/site-backups/dave-blake-sspro/dave-blake.com/blog/../../images.squarespace-cdn.com/content/v1/54b09e7ce4b0755e628b618e/1693146893414-BMVBF08VH4W22KZLGGEE/DaveBlake_RCoBleuShoot-ManaBeauty-002.jpg	1
../../images.squarespace-cdn.com/content/v1/54b09e7ce4b0755e628b618e/1693147240323-8V76Z74LYQILV8AK7MKB/DaveBlake_EktachromePortrait-Lauren-001.jpg	relative	dave-blake.com	/Users/daveblake/site-backups/dave-blake-sspro/dave-blake.com/blog/../../images.squarespace-cdn.com/content/v1/54b09e7ce4b0755e628b618e/1693147240323-8V76Z74LYQILV8AK7MKB/DaveBlake_EktachromePortrait-Lauren-001.jpg	1
../../images.squarespace-cdn.com/content/v1/54b09e7ce4b0755e628b618e/1693147261129-DTZQPM5J2YLKYBDYMGQS/DaveBlake_GrittyPrettyShoot-BackDetail-001.jpg	relative	dave-blake.com	/Users/daveblake/site-backups/dave-blake-sspro/dave-blake.com/blog/../../images.squarespace-cdn.com/content/v1/54b09e7ce4b0755e628b618e/1693147261129-DTZQPM5J2YLKYBDYMGQS/DaveBlake_GrittyPrettyShoot-BackDetail-001.jpg	1
../../images.squarespace-cdn.com/content/v1/54b09e7ce4b0755e628b618e/1693147280227-T2JEPFOZG7NR3KTPFHPU/DaveBlake_BeautyShoot-LongLensTribute-001.jpg	relative	dave-blake.com	/Users/daveblake/site-backups/dave-blake-sspro/dave-blake.com/blog/../../images.squarespace-cdn.com/content/v1/54b09e7ce4b0755e628b618e/1693147280227-T2JEPFOZG7NR3KTPFHPU/DaveBlake_BeautyShoot-LongLensTribute-001.jpg	1
../../images.squarespace-cdn.com/content/v1/54b09e7ce4b0755e628b618e/1693147320738-MKZUX2TWRYWGLDFKGUHB/DaveBlake_BeachBW-EllaDiagonal-001.jpg	relative	dave-blake.com	/Users/daveblake/site-backups/dave-blake-sspro/dave-blake.com/blog/../../images.squarespace-cdn.com/content/v1/54b09e7ce4b0755e628b618e/1693147320738-MKZUX2TWRYWGLDFKGUHB/DaveBlake_BeachBW-EllaDiagonal-001.jpg	1
../../images.squarespace-cdn.com/content/v1/54b09e7ce4b0755e628b618e/1693147336352-BSJZJJMHO0W88IPUPQH1/DaveBlake_BeachTestShoot-MichelleYoga-001.jpg	relative	dave-blake.com	/Users/daveblake/site-backups/dave-blake-sspro/dave-blake.com/blog/../../images.squarespace-cdn.com/content/v1/54b09e7ce4b0755e628b618e/1693147336352-BSJZJJMHO0W88IPUPQH1/DaveBlake_BeachTestShoot-MichelleYoga-001.jpg	1
../../images.squarespace-cdn.com/content/v1/54b09e7ce4b0755e628b618e/1693147350027-6VKZKT37YSQGJWUM5RG0/DaveBlake_BeachBW-IsabellePortrait-001.jpg	relative	dave-blake.com	/Users/daveblake/site-backups/dave-blake-sspro/dave-blake.com/blog/../../images.squarespace-cdn.com/content/v1/54b09e7ce4b0755e628b618e/1693147350027-6VKZKT37YSQGJWUM5RG0/DaveBlake_BeachBW-IsabellePortrait-001.jpg	1
../../images.squarespace-cdn.com/content/v1/54b09e7ce4b0755e628b618e/1693147367425-EVBP3HAQM0VOIVEBKM6O/DaveBlake_OceanColor-IsabellePortrait-002.jpg	relative	dave-blake.com	/Users/daveblake/site-backups/dave-blake-sspro/dave-blake.com/blog/../../images.squarespace-cdn.com/content/v1/54b09e7ce4b0755e628b618e/1693147367425-EVBP3HAQM0VOIVEBKM6O/DaveBlake_OceanColor-IsabellePortrait-002.jpg	1
../../images.squarespace-cdn.com/content/v1/54b09e7ce4b0755e628b618e/1693147384121-LQH5HMM3J3ZST0SYKTXG/DaveBlake_BeachBW-KatePortrait-001.jpg	relative	dave-blake.com	/Users/daveblake/site-backups/dave-blake-sspro/dave-blake.com/blog/../../images.squarespace-cdn.com/content/v1/54b09e7ce4b0755e628b618e/1693147384121-LQH5HMM3J3ZST0SYKTXG/DaveBlake_BeachBW-KatePortrait-001.jpg	1
../../images.squarespace-cdn.com/content/v1/54b09e7ce4b0755e628b618e/1693147402895-BEB5DCTJ8IO3ZM19290F/DaveBlake_ArtisticIntimacy-GeorgiaJones-002.jpg	relative	dave-blake.com	/Users/daveblake/site-backups/dave-blake-sspro/dave-blake.com/blog/../../images.squarespace-cdn.com/content/v1/54b09e7ce4b0755e628b618e/1693147402895-BEB5DCTJ8IO3ZM19290F/DaveBlake_ArtisticIntimacy-GeorgiaJones-002.jpg	1
../../images.squarespace-cdn.com/content/v1/54b09e7ce4b0755e628b618e/1693147415700-JI61K6RBCC6BR60JQF0L/DaveBlake_BeachBW-MillicentPortrait-001.jpg	relative	dave-blake.com	/Users/daveblake/site-backups/dave-blake-sspro/dave-blake.com/blog/../../images.squarespace-cdn.com/content/v1/54b09e7ce4b0755e628b618e/1693147415700-JI61K6RBCC6BR60JQF0L/DaveBlake_BeachBW-MillicentPortrait-001.jpg	1
../../images.squarespace-cdn.com/content/v1/54b09e7ce4b0755e628b618e/1693147431667-CVTB27YMHP3U3RBLTVZZ/DaveBlake_StudioBW-RebeccaPortrait-001.jpg	relative	dave-blake.com	/Users/daveblake/site-backups/dave-blake-sspro/dave-blake.com/blog/../../images.squarespace-cdn.com/content/v1/54b09e7ce4b0755e628b618e/1693147431667-CVTB27YMHP3U3RBLTVZZ/DaveBlake_StudioBW-RebeccaPortrait-001.jpg	1
../../images.squarespace-cdn.com/content/v1/54b09e7ce4b0755e628b618e/1693147982754-HYT93B9RACZODZXTWR5B/DaveBlake_BeachBW-Footprints-001.jpg	relative	dave-blake.com	/Users/daveblake/site-backups/dave-blake-sspro/dave-blake.com/blog/../../images.squarespace-cdn.com/content/v1/54b09e7ce4b0755e628b618e/1693147982754-HYT93B9RACZODZXTWR5B/DaveBlake_BeachBW-Footprints-001.jpg	1
../../images.squarespace-cdn.com/content/v1/54b09e7ce4b0755e628b618e/1693147982801-U84MDOTCV3J4P1OA8CS5/DaveBlake_BeachDawnShoot-EmmaBW-001.jpg	relative	dave-blake.com	/Users/daveblake/site-backups/dave-blake-sspro/dave-blake.com/blog/../../images.squarespace-cdn.com/content/v1/54b09e7ce4b0755e628b618e/1693147982801-U84MDOTCV3J4P1OA8CS5/DaveBlake_BeachDawnShoot-EmmaBW-001.jpg	1
../../images.squarespace-cdn.com/content/v1/54b09e7ce4b0755e628b618e/1693148019045-DK72E81CUH2U40FRYR9W/DaveBlake_BeachShoot-BronteEktachrome-001.jpg	relative	dave-blake.com	/Users/daveblake/site-backups/dave-blake-sspro/dave-blake.com/blog/../../images.squarespace-cdn.com/content/v1/54b09e7ce4b0755e628b618e/1693148019045-DK72E81CUH2U40FRYR9W/DaveBlake_BeachShoot-BronteEktachrome-001.jpg	1
../../images.squarespace-cdn.com/content/v1/54b09e7ce4b0755e628b618e/1693148046215-9E01TO4LAXVK0DTOAIVH/DaveBlake_SimpleBW-FrankiePortrait-001.jpg	relative	dave-blake.com	/Users/daveblake/site-backups/dave-blake-sspro/dave-blake.com/blog/../../images.squarespace-cdn.com/content/v1/54b09e7ce4b0755e628b618e/1693148046215-9E01TO4LAXVK0DTOAIVH/DaveBlake_SimpleBW-FrankiePortrait-001.jpg	1
../../images.squarespace-cdn.com/content/v1/54b09e7ce4b0755e628b618e/1693148087324-QSPBNR304A1P7EEP7BYY/DaveBlake_AFWBackstage-PhoebeDetail-001.jpg	relative	dave-blake.com	/Users/daveblake/site-backups/dave-blake-sspro/dave-blake.com/blog/../../images.squarespace-cdn.com/content/v1/54b09e7ce4b0755e628b618e/1693148087324-QSPBNR304A1P7EEP7BYY/DaveBlake_AFWBackstage-PhoebeDetail-001.jpg	1
../../images.squarespace-cdn.com/content/v1/54b09e7ce4b0755e628b618e/1693148087374-YNHLMKWP57WU2CAGW738/DaveBlake_BeachPortrait-EbonyBW-001.jpg	relative	dave-blake.com	/Users/daveblake/site-backups/dave-blake-sspro/dave-blake.com/blog/../../images.squarespace-cdn.com/content/v1/54b09e7ce4b0755e628b618e/1693148087374-YNHLMKWP57WU2CAGW738/DaveBlake_BeachPortrait-EbonyBW-001.jpg	1
../../images.squarespace-cdn.com/content/v1/54b09e7ce4b0755e628b618e/1693148120504-M92HXKX2I0VKW9G5MMAN/DaveBlake_BloeSalonShoot-ZoeBlurBW-002.jpg	relative	dave-blake.com	/Users/daveblake/site-backups/dave-blake-sspro/dave-blake.com/blog/../../images.squarespace-cdn.com/content/v1/54b09e7ce4b0755e628b618e/1693148120504-M92HXKX2I0VKW9G5MMAN/DaveBlake_BloeSalonShoot-ZoeBlurBW-002.jpg	1
../../images.squarespace-cdn.com/content/v1/54b09e7ce4b0755e628b618e/1693148127705-YNOPH7LMAPK0TIKYJRSI/DaveBlake_BloeSalonShoot-ZoePortrait-001.jpg	relative	dave-blake.com	/Users/daveblake/site-backups/dave-blake-sspro/dave-blake.com/blog/../../images.squarespace-cdn.com/content/v1/54b09e7ce4b0755e628b618e/1693148127705-YNOPH7LMAPK0TIKYJRSI/DaveBlake_BloeSalonShoot-ZoePortrait-001.jpg	1
../../images.squarespace-cdn.com/content/v1/54b09e7ce4b0755e628b618e/1694361940639-8VGA05B81OML18M85O6Z/DaveBlake_NYFW-OffDuty-Aaliyah-001_396.jpg	relative	dave-blake.com	/Users/daveblake/site-backups/dave-blake-sspro/dave-blake.com/blog/../../images.squarespace-cdn.com/content/v1/54b09e7ce4b0755e628b618e/1694361940639-8VGA05B81OML18M85O6Z/DaveBlake_NYFW-OffDuty-Aaliyah-001_396.jpg	1
../../images.squarespace-cdn.com/content/v1/54b09e7ce4b0755e628b618e/1694711632463-XBMTUU8F14E1B4XM4UQT/DaveBlake_StudioTest-SanneDeVries-001_19.jpg	relative	dave-blake.com	/Users/daveblake/site-backups/dave-blake-sspro/dave-blake.com/blog/../../images.squarespace-cdn.com/content/v1/54b09e7ce4b0755e628b618e/1694711632463-XBMTUU8F14E1B4XM4UQT/DaveBlake_StudioTest-SanneDeVries-001_19.jpg	1
../../images.squarespace-cdn.com/content/v1/54b09e7ce4b0755e628b618e/1694711723822-ZE7GA75ZBVZ7DCXCZPXP/DaveBlake_Beauty_2.jpg	relative	dave-blake.com	/Users/daveblake/site-backups/dave-blake-sspro/dave-blake.com/blog/../../images.squarespace-cdn.com/content/v1/54b09e7ce4b0755e628b618e/1694711723822-ZE7GA75ZBVZ7DCXCZPXP/DaveBlake_Beauty_2.jpg	1
../../images.squarespace-cdn.com/content/v1/54b09e7ce4b0755e628b618e/1694711863689-NVOGSP7D2V58H8965RUT/DaveBlake_Beauty_7.jpg	relative	dave-blake.com	/Users/daveblake/site-backups/dave-blake-sspro/dave-blake.com/blog/../../images.squarespace-cdn.com/content/v1/54b09e7ce4b0755e628b618e/1694711863689-NVOGSP7D2V58H8965RUT/DaveBlake_Beauty_7.jpg	1
../../images.squarespace-cdn.com/content/v1/54b09e7ce4b0755e628b618e/1694711946681-FAX6JW4Q6XO1103ML17C/DaveBlake_Beauty_19.jpg	relative	dave-blake.com	/Users/daveblake/site-backups/dave-blake-sspro/dave-blake.com/blog/../../images.squarespace-cdn.com/content/v1/54b09e7ce4b0755e628b618e/1694711946681-FAX6JW4Q6XO1103ML17C/DaveBlake_Beauty_19.jpg	1
../../images.squarespace-cdn.com/content/v1/54b09e7ce4b0755e628b618e/1694900630081-DDOURWGVI85KCBY7NS1W/DaveBlake_BeautyGoSeeNY-FrancescaOnorato-001_116.jpg	relative	dave-blake.com	/Users/daveblake/site-backups/dave-blake-sspro/dave-blake.com/blog/../../images.squarespace-cdn.com/content/v1/54b09e7ce4b0755e628b618e/1694900630081-DDOURWGVI85KCBY7NS1W/DaveBlake_BeautyGoSeeNY-FrancescaOnorato-001_116.jpg	1
../../images.squarespace-cdn.com/content/v1/54b09e7ce4b0755e628b618e/1694900630233-3AUKYO16QSIZ0AURXCIW/DaveBlake_BeautyGoSeeNY-FrancescaOnorato-001_121.jpg	relative	dave-blake.com	/Users/daveblake/site-backups/dave-blake-sspro/dave-blake.com/blog/../../images.squarespace-cdn.com/content/v1/54b09e7ce4b0755e628b618e/1694900630233-3AUKYO16QSIZ0AURXCIW/DaveBlake_BeautyGoSeeNY-FrancescaOnorato-001_121.jpg	1
../../images.squarespace-cdn.com/content/v1/54b09e7ce4b0755e628b618e/1694969170427-X1I24NBAVL9HLXLTYWKO/image-asset.jpeg	relative	dave-blake.com	/Users/daveblake/site-backups/dave-blake-sspro/dave-blake.com/blog/../../images.squarespace-cdn.com/content/v1/54b09e7ce4b0755e628b618e/1694969170427-X1I24NBAVL9HLXLTYWKO/image-asset.jpeg	1
../../images.squarespace-cdn.com/content/v1/54b09e7ce4b0755e628b618e/1694971204516-BV3YIS5S3KS8J5Y4CXN8/image-asset.jpeg	relative	dave-blake.com	/Users/daveblake/site-backups/dave-blake-sspro/dave-blake.com/blog/../../images.squarespace-cdn.com/content/v1/54b09e7ce4b0755e628b618e/1694971204516-BV3YIS5S3KS8J5Y4CXN8/image-asset.jpeg	1
../../images.squarespace-cdn.com/content/v1/54b09e7ce4b0755e628b618e/1695061853373-W30VJITXR24BLD0XLFK5/DaveBlake_GoSeeNY-VicCayo-001_98.jpg	relative	dave-blake.com	/Users/daveblake/site-backups/dave-blake-sspro/dave-blake.com/blog/../../images.squarespace-cdn.com/content/v1/54b09e7ce4b0755e628b618e/1695061853373-W30VJITXR24BLD0XLFK5/DaveBlake_GoSeeNY-VicCayo-001_98.jpg	1
../../images.squarespace-cdn.com/content/v1/54b09e7ce4b0755e628b618e/1695061890026-7VP7WO2FLJ5PC4S8OBO4/DaveBlake_GoSeeNY-VicCayo-001_92.jpg	relative	dave-blake.com	/Users/daveblake/site-backups/dave-blake-sspro/dave-blake.com/blog/../../images.squarespace-cdn.com/content/v1/54b09e7ce4b0755e628b618e/1695061890026-7VP7WO2FLJ5PC4S8OBO4/DaveBlake_GoSeeNY-VicCayo-001_92.jpg	1
../../images.squarespace-cdn.com/content/v1/54b09e7ce4b0755e628b618e/1696348593581-HV7A9TGMQN8TWWRIGWVI/image-asset.jpeg	relative	dave-blake.com	/Users/daveblake/site-backups/dave-blake-sspro/dave-blake.com/blog/../../images.squarespace-cdn.com/content/v1/54b09e7ce4b0755e628b618e/1696348593581-HV7A9TGMQN8TWWRIGWVI/image-asset.jpeg	1
../../images.squarespace-cdn.com/content/v1/54b09e7ce4b0755e628b618e/1697214045573-D2WTKA4Q7GCEOL5U7PJ1/DaveBlake_NYC-Beauty-NYMM-001_104.jpg	relative	dave-blake.com	/Users/daveblake/site-backups/dave-blake-sspro/dave-blake.com/blog/../../images.squarespace-cdn.com/content/v1/54b09e7ce4b0755e628b618e/1697214045573-D2WTKA4Q7GCEOL5U7PJ1/DaveBlake_NYC-Beauty-NYMM-001_104.jpg	1
../../images.squarespace-cdn.com/content/v1/54b09e7ce4b0755e628b618e/1697214149273-Q0K1CA5QBSYMLO6QKC7W/DaveBlake_NYC-Beauty-NYMM-001_30.jpg	relative	dave-blake.com	/Users/daveblake/site-backups/dave-blake-sspro/dave-blake.com/blog/../../images.squarespace-cdn.com/content/v1/54b09e7ce4b0755e628b618e/1697214149273-Q0K1CA5QBSYMLO6QKC7W/DaveBlake_NYC-Beauty-NYMM-001_30.jpg	1
../../images.squarespace-cdn.com/content/v1/54b09e7ce4b0755e628b618e/1697214171664-K5YN9FXLZO1Y2GQRZIQB/DaveBlake_NYC-Beauty-NYMM-001_14.jpg	relative	dave-blake.com	/Users/daveblake/site-backups/dave-blake-sspro/dave-blake.com/blog/../../images.squarespace-cdn.com/content/v1/54b09e7ce4b0755e628b618e/1697214171664-K5YN9FXLZO1Y2GQRZIQB/DaveBlake_NYC-Beauty-NYMM-001_14.jpg	1
../../images.squarespace-cdn.com/content/v1/54b09e7ce4b0755e628b618e/1697214282083-GTVHJH8V129TQLJLKBV0/DaveBlake_NYC-Beauty-NYMM-001_163.jpg	relative	dave-blake.com	/Users/daveblake/site-backups/dave-blake-sspro/dave-blake.com/blog/../../images.squarespace-cdn.com/content/v1/54b09e7ce4b0755e628b618e/1697214282083-GTVHJH8V129TQLJLKBV0/DaveBlake_NYC-Beauty-NYMM-001_163.jpg	1
../../images.squarespace-cdn.com/content/v1/54b09e7ce4b0755e628b618e/1697214334859-VXET5QGKQNRQF9PWEOL3/DaveBlake_NYC-Beauty-NYMM-001_201.jpg	relative	dave-blake.com	/Users/daveblake/site-backups/dave-blake-sspro/dave-blake.com/blog/../../images.squarespace-cdn.com/content/v1/54b09e7ce4b0755e628b618e/1697214334859-VXET5QGKQNRQF9PWEOL3/DaveBlake_NYC-Beauty-NYMM-001_201.jpg	1
../../images.squarespace-cdn.com/content/v1/54b09e7ce4b0755e628b618e/1697809209360-0SUNMIXWGKQIJRRL1BHR/image-asset.jpeg	relative	dave-blake.com	/Users/daveblake/site-backups/dave-blake-sspro/dave-blake.com/blog/../../images.squarespace-cdn.com/content/v1/54b09e7ce4b0755e628b618e/1697809209360-0SUNMIXWGKQIJRRL1BHR/image-asset.jpeg	1
../../images.squarespace-cdn.com/content/v1/54b09e7ce4b0755e628b618e/1697810368192-4742N05BVF55MOMKQTGY/DaveBlake_COACH-Remix-TrainEditorial-001_47.jpg	relative	dave-blake.com	/Users/daveblake/site-backups/dave-blake-sspro/dave-blake.com/blog/../../images.squarespace-cdn.com/content/v1/54b09e7ce4b0755e628b618e/1697810368192-4742N05BVF55MOMKQTGY/DaveBlake_COACH-Remix-TrainEditorial-001_47.jpg	1
../../images.squarespace-cdn.com/content/v1/54b09e7ce4b0755e628b618e/1697810471353-6723K63Q4XG06AB7DYD3/DaveBlake_COACH-Remix-TrainEditorial-001_97.jpg	relative	dave-blake.com	/Users/daveblake/site-backups/dave-blake-sspro/dave-blake.com/blog/../../images.squarespace-cdn.com/content/v1/54b09e7ce4b0755e628b618e/1697810471353-6723K63Q4XG06AB7DYD3/DaveBlake_COACH-Remix-TrainEditorial-001_97.jpg	1
../../images.squarespace-cdn.com/content/v1/54b09e7ce4b0755e628b618e/1697810561968-XQZ92Y60MVI3ZDVNS2TY/DaveBlake_COACH-Remix-TrainEditorial-001_107.jpg	relative	dave-blake.com	/Users/daveblake/site-backups/dave-blake-sspro/dave-blake.com/blog/../../images.squarespace-cdn.com/content/v1/54b09e7ce4b0755e628b618e/1697810561968-XQZ92Y60MVI3ZDVNS2TY/DaveBlake_COACH-Remix-TrainEditorial-001_107.jpg	1
../../images.squarespace-cdn.com/content/v1/54b09e7ce4b0755e628b618e/1699393146651-XAIGOUGK2AB4F75MLSOQ/DaveBlake_GoSeeNY-VicCayo-001_65b.jpg	relative	dave-blake.com	/Users/daveblake/site-backups/dave-blake-sspro/dave-blake.com/blog/../../images.squarespace-cdn.com/content/v1/54b09e7ce4b0755e628b618e/1699393146651-XAIGOUGK2AB4F75MLSOQ/DaveBlake_GoSeeNY-VicCayo-001_65b.jpg	1
../../images.squarespace-cdn.com/content/v1/54b09e7ce4b0755e628b618e/1699393163966-AT6FVZJ7WVBBIL2WDZL8/DaveBlake_GoSeeNY-VicCayo-001_69b.jpg	relative	dave-blake.com	/Users/daveblake/site-backups/dave-blake-sspro/dave-blake.com/blog/../../images.squarespace-cdn.com/content/v1/54b09e7ce4b0755e628b618e/1699393163966-AT6FVZJ7WVBBIL2WDZL8/DaveBlake_GoSeeNY-VicCayo-001_69b.jpg	1
../../images.squarespace-cdn.com/content/v1/54b09e7ce4b0755e628b618e/1699393219237-ZI91SNOGGD4QAFH3F8YY/DaveBlake_GoSeeNY-VicCayo-001_189.jpg	relative	dave-blake.com	/Users/daveblake/site-backups/dave-blake-sspro/dave-blake.com/blog/../../images.squarespace-cdn.com/content/v1/54b09e7ce4b0755e628b618e/1699393219237-ZI91SNOGGD4QAFH3F8YY/DaveBlake_GoSeeNY-VicCayo-001_189.jpg	1
../../images.squarespace-cdn.com/content/v1/54b09e7ce4b0755e628b618e/1699393228552-GD1216BHDM7YL0ZA26DK/DaveBlake_GoSeeNY-VicCayo-001_183.jpg	relative	dave-blake.com	/Users/daveblake/site-backups/dave-blake-sspro/dave-blake.com/blog/../../images.squarespace-cdn.com/content/v1/54b09e7ce4b0755e628b618e/1699393228552-GD1216BHDM7YL0ZA26DK/DaveBlake_GoSeeNY-VicCayo-001_183.jpg	1
../../images.squarespace-cdn.com/content/v1/54b09e7ce4b0755e628b618e/1699393264943-2HW97N9X0Q3B25E894NS/DaveBlake_GoSeeNY-VicCayo-001_174.jpg	relative	dave-blake.com	/Users/daveblake/site-backups/dave-blake-sspro/dave-blake.com/blog/../../images.squarespace-cdn.com/content/v1/54b09e7ce4b0755e628b618e/1699393264943-2HW97N9X0Q3B25E894NS/DaveBlake_GoSeeNY-VicCayo-001_174.jpg	1
../../images.squarespace-cdn.com/content/v1/54b09e7ce4b0755e628b618e/1700497270759-6GJD4HTKGFUZPNT066GR/DaveBlake_NYFall-Vanessa_Fuchs_82.jpg	relative	dave-blake.com	/Users/daveblake/site-backups/dave-blake-sspro/dave-blake.com/blog/../../images.squarespace-cdn.com/content/v1/54b09e7ce4b0755e628b618e/1700497270759-6GJD4HTKGFUZPNT066GR/DaveBlake_NYFall-Vanessa_Fuchs_82.jpg	1
../../images.squarespace-cdn.com/content/v1/54b09e7ce4b0755e628b618e/1700522208946-2S50ODJHJ7HALWIEZ5ON/DaveBlake_Beauty_6.jpg	relative	dave-blake.com	/Users/daveblake/site-backups/dave-blake-sspro/dave-blake.com/blog/../../images.squarespace-cdn.com/content/v1/54b09e7ce4b0755e628b618e/1700522208946-2S50ODJHJ7HALWIEZ5ON/DaveBlake_Beauty_6.jpg	1
../../images.squarespace-cdn.com/content/v1/54b09e7ce4b0755e628b618e/1700522246096-D6LIX9O1NVE4H5LQEO51/DaveBlake_Beauty_35.jpg	relative	dave-blake.com	/Users/daveblake/site-backups/dave-blake-sspro/dave-blake.com/blog/../../images.squarespace-cdn.com/content/v1/54b09e7ce4b0755e628b618e/1700522246096-D6LIX9O1NVE4H5LQEO51/DaveBlake_Beauty_35.jpg	1
../../images.squarespace-cdn.com/content/v1/54b09e7ce4b0755e628b618e/1700524454641-2HB33A7NGH9RQL825CGT/20210925__Dave-Blake_0980-marvell-lane.jpg	relative	dave-blake.com	/Users/daveblake/site-backups/dave-blake-sspro/dave-blake.com/blog/../../images.squarespace-cdn.com/content/v1/54b09e7ce4b0755e628b618e/1700524454641-2HB33A7NGH9RQL825CGT/20210925__Dave-Blake_0980-marvell-lane.jpg	1
../../images.squarespace-cdn.com/content/v1/54b09e7ce4b0755e628b618e/1700525034638-Z5ZQ20XJDLT0Q3MDX3OT/DaveBlake_BeautyGoSeeNY-FrancescaOnorato-001_90.jpg	relative	dave-blake.com	/Users/daveblake/site-backups/dave-blake-sspro/dave-blake.com/blog/../../images.squarespace-cdn.com/content/v1/54b09e7ce4b0755e628b618e/1700525034638-Z5ZQ20XJDLT0Q3MDX3OT/DaveBlake_BeautyGoSeeNY-FrancescaOnorato-001_90.jpg	1
../../images.squarespace-cdn.com/content/v1/54b09e7ce4b0755e628b618e/1700525196828-R5O185CQR02MA0CUBV7Y/DaveBlake_NYC-Beauty-NYMM-001_209.jpg	relative	dave-blake.com	/Users/daveblake/site-backups/dave-blake-sspro/dave-blake.com/blog/../../images.squarespace-cdn.com/content/v1/54b09e7ce4b0755e628b618e/1700525196828-R5O185CQR02MA0CUBV7Y/DaveBlake_NYC-Beauty-NYMM-001_209.jpg	1
../../images.squarespace-cdn.com/content/v1/54b09e7ce4b0755e628b618e/1700525206541-NNKXPAY2L1J62HYCP264/DaveBlake_NYC-Beauty-NYMM-001_204.jpg	relative	dave-blake.com	/Users/daveblake/site-backups/dave-blake-sspro/dave-blake.com/blog/../../images.squarespace-cdn.com/content/v1/54b09e7ce4b0755e628b618e/1700525206541-NNKXPAY2L1J62HYCP264/DaveBlake_NYC-Beauty-NYMM-001_204.jpg	1
../../images.squarespace-cdn.com/content/v1/54b09e7ce4b0755e628b618e/1700525657345-UZZOEZFFEY2FX404F1S5/A_6.jpg	relative	dave-blake.com	/Users/daveblake/site-backups/dave-blake-sspro/dave-blake.com/blog/../../images.squarespace-cdn.com/content/v1/54b09e7ce4b0755e628b618e/1700525657345-UZZOEZFFEY2FX404F1S5/A_6.jpg	1
../../images.squarespace-cdn.com/content/v1/54b09e7ce4b0755e628b618e/1700525919257-6E4G3LCIW0GFL68D2BM9/18_Sunday+Wegener+by+Dave+Blake_040-sunday-KodakTMax+100+Overexposed+1_Byron+Bay_2021.jpg	relative	dave-blake.com	/Users/daveblake/site-backups/dave-blake-sspro/dave-blake.com/blog/../../images.squarespace-cdn.com/content/v1/54b09e7ce4b0755e628b618e/1700525919257-6E4G3LCIW0GFL68D2BM9/18_Sunday+Wegener+by+Dave+Blake_040-sunday-KodakTMax+100+Overexposed+1_Byron+Bay_2021.jpg	1
../../images.squarespace-cdn.com/content/v1/54b09e7ce4b0755e628b618e/1700591401703-6I0ELXWKUNE7GP6Z23PW/DaveBlake_NYFall-OliviaAnakwe_45.jpg	relative	dave-blake.com	/Users/daveblake/site-backups/dave-blake-sspro/dave-blake.com/blog/../../images.squarespace-cdn.com/content/v1/54b09e7ce4b0755e628b618e/1700591401703-6I0ELXWKUNE7GP6Z23PW/DaveBlake_NYFall-OliviaAnakwe_45.jpg	1
../../images.squarespace-cdn.com/content/v1/54b09e7ce4b0755e628b618e/1700591414175-5FMF3Z225XUXHVHABKTD/DaveBlake_NYFall-OliviaAnakwe_118.jpg	relative	dave-blake.com	/Users/daveblake/site-backups/dave-blake-sspro/dave-blake.com/blog/../../images.squarespace-cdn.com/content/v1/54b09e7ce4b0755e628b618e/1700591414175-5FMF3Z225XUXHVHABKTD/DaveBlake_NYFall-OliviaAnakwe_118.jpg	1
../../images.squarespace-cdn.com/content/v1/54b09e7ce4b0755e628b618e/1700591446079-S6UPL1RQ0NN649CXRLOR/DaveBlake_NYFall-Vanessa_Fuchs_67.jpg	relative	dave-blake.com	/Users/daveblake/site-backups/dave-blake-sspro/dave-blake.com/blog/../../images.squarespace-cdn.com/content/v1/54b09e7ce4b0755e628b618e/1700591446079-S6UPL1RQ0NN649CXRLOR/DaveBlake_NYFall-Vanessa_Fuchs_67.jpg	1
../../images.squarespace-cdn.com/content/v1/54b09e7ce4b0755e628b618e/1700592385766-4MAHOWDBQ86Y6RJI54D6/DaveBlake_NYFall-Vanessa_Fuchs_170.jpg	relative	dave-blake.com	/Users/daveblake/site-backups/dave-blake-sspro/dave-blake.com/blog/../../images.squarespace-cdn.com/content/v1/54b09e7ce4b0755e628b618e/1700592385766-4MAHOWDBQ86Y6RJI54D6/DaveBlake_NYFall-Vanessa_Fuchs_170.jpg	1
../../images.squarespace-cdn.com/content/v1/54b09e7ce4b0755e628b618e/1700592392842-JS2E1L3B53UKHTDBYPN4/DaveBlake_NYFall-Vanessa_Fuchs_179.jpg	relative	dave-blake.com	/Users/daveblake/site-backups/dave-blake-sspro/dave-blake.com/blog/../../images.squarespace-cdn.com/content/v1/54b09e7ce4b0755e628b618e/1700592392842-JS2E1L3B53UKHTDBYPN4/DaveBlake_NYFall-Vanessa_Fuchs_179.jpg	1
../../images.squarespace-cdn.com/content/v1/54b09e7ce4b0755e628b618e/1701791038375-4JBT4TEM3P3AHELL0OQK/DaveBlake_StudioDigis-MatildaBros-001_144.jpg	relative	dave-blake.com	/Users/daveblake/site-backups/dave-blake-sspro/dave-blake.com/blog/../../images.squarespace-cdn.com/content/v1/54b09e7ce4b0755e628b618e/1701791038375-4JBT4TEM3P3AHELL0OQK/DaveBlake_StudioDigis-MatildaBros-001_144.jpg	1
../../images.squarespace-cdn.com/content/v1/54b09e7ce4b0755e628b618e/1704319594356-PCIBHI3598X43ST12A7R/LH_0403+1.jpg	relative	dave-blake.com	/Users/daveblake/site-backups/dave-blake-sspro/dave-blake.com/blog/../../images.squarespace-cdn.com/content/v1/54b09e7ce4b0755e628b618e/1704319594356-PCIBHI3598X43ST12A7R/LH_0403+1.jpg	1
../../images.squarespace-cdn.com/content/v1/54b09e7ce4b0755e628b618e/1704319859179-VD1C1R003CPMU5WM1D81/20210516__Dave-Blake_01_R+Co+Bleu+x+Maggie+Marilyn+by+Dave+Blake_0433-rogue_The+Range+Byron+Bay_2021.jpg	relative	dave-blake.com	/Users/daveblake/site-backups/dave-blake-sspro/dave-blake.com/blog/../../images.squarespace-cdn.com/content/v1/54b09e7ce4b0755e628b618e/1704319859179-VD1C1R003CPMU5WM1D81/20210516__Dave-Blake_01_R+Co+Bleu+x+Maggie+Marilyn+by+Dave+Blake_0433-rogue_The+Range+Byron+Bay_2021.jpg	1
../../images.squarespace-cdn.com/content/v1/54b09e7ce4b0755e628b618e/1704319892692-JRVGJJICTIZQUN1LTU9J/20210516__Dave-Blake_19_R+Co+Bleu+x+Maggie+Marilyn+by+Dave+Blake_0840-rogue_The+Range+Byron+Bay_2021.jpg	relative	dave-blake.com	/Users/daveblake/site-backups/dave-blake-sspro/dave-blake.com/blog/../../images.squarespace-cdn.com/content/v1/54b09e7ce4b0755e628b618e/1704319892692-JRVGJJICTIZQUN1LTU9J/20210516__Dave-Blake_19_R+Co+Bleu+x+Maggie+Marilyn+by+Dave+Blake_0840-rogue_The+Range+Byron+Bay_2021.jpg	1
../../images.squarespace-cdn.com/content/v1/54b09e7ce4b0755e628b618e/1704320013931-6XVJGDAFEY4Z6ZTUPTF0/184-brontie+by+Dave+Blake_PERSONAL_+2020_80s_Byron+Bay_retouched_.jpg	relative	dave-blake.com	/Users/daveblake/site-backups/dave-blake-sspro/dave-blake.com/blog/../../images.squarespace-cdn.com/content/v1/54b09e7ce4b0755e628b618e/1704320013931-6XVJGDAFEY4Z6ZTUPTF0/184-brontie+by+Dave+Blake_PERSONAL_+2020_80s_Byron+Bay_retouched_.jpg	1
../../images.squarespace-cdn.com/content/v1/54b09e7ce4b0755e628b618e/1706047159356-EELFCIV06UR1NPTWZQW8/DaveBlake-JasmineDwyer_96.jpg	relative	dave-blake.com	/Users/daveblake/site-backups/dave-blake-sspro/dave-blake.com/blog/../../images.squarespace-cdn.com/content/v1/54b09e7ce4b0755e628b618e/1706047159356-EELFCIV06UR1NPTWZQW8/DaveBlake-JasmineDwyer_96.jpg	1
../../images.squarespace-cdn.com/content/v1/54b09e7ce4b0755e628b618e/1706047188801-DCRX9SCRMXBKFPB1ZOT4/DaveBlake-JasmineDwyer_174_1.jpg	relative	dave-blake.com	/Users/daveblake/site-backups/dave-blake-sspro/dave-blake.com/blog/../../images.squarespace-cdn.com/content/v1/54b09e7ce4b0755e628b618e/1706047188801-DCRX9SCRMXBKFPB1ZOT4/DaveBlake-JasmineDwyer_174_1.jpg	1
../../images.squarespace-cdn.com/content/v1/54b09e7ce4b0755e628b618e/1706047194935-BKXQDBKMGYUKSGL3TNAJ/DaveBlake-JasmineDwyer_213.jpg	relative	dave-blake.com	/Users/daveblake/site-backups/dave-blake-sspro/dave-blake.com/blog/../../images.squarespace-cdn.com/content/v1/54b09e7ce4b0755e628b618e/1706047194935-BKXQDBKMGYUKSGL3TNAJ/DaveBlake-JasmineDwyer_213.jpg	1
../../images.squarespace-cdn.com/content/v1/54b09e7ce4b0755e628b618e/1706718888145-Y8228SJYXHAQMD208CPI/DaveBlake_Anita-Lopez-EilieNY_32.jpg	relative	dave-blake.com	/Users/daveblake/site-backups/dave-blake-sspro/dave-blake.com/blog/../../images.squarespace-cdn.com/content/v1/54b09e7ce4b0755e628b618e/1706718888145-Y8228SJYXHAQMD208CPI/DaveBlake_Anita-Lopez-EilieNY_32.jpg	1
../../images.squarespace-cdn.com/content/v1/54b09e7ce4b0755e628b618e/1706719012740-FWA3GNIKZW3OHT19LIVR/DaveBlake_Anita-Lopez-EilieNY_9.jpg	relative	dave-blake.com	/Users/daveblake/site-backups/dave-blake-sspro/dave-blake.com/blog/../../images.squarespace-cdn.com/content/v1/54b09e7ce4b0755e628b618e/1706719012740-FWA3GNIKZW3OHT19LIVR/DaveBlake_Anita-Lopez-EilieNY_9.jpg	1
../../images.squarespace-cdn.com/content/v1/54b09e7ce4b0755e628b618e/1706719366444-G69VZMURB76IG2XWM6NJ/DaveBlake_Anita-Lopez-EilieNY_305.jpg	relative	dave-blake.com	/Users/daveblake/site-backups/dave-blake-sspro/dave-blake.com/blog/../../images.squarespace-cdn.com/content/v1/54b09e7ce4b0755e628b618e/1706719366444-G69VZMURB76IG2XWM6NJ/DaveBlake_Anita-Lopez-EilieNY_305.jpg	1
../../images.squarespace-cdn.com/content/v1/54b09e7ce4b0755e628b618e/1707435991640-1WD76ORA5R3B6ERGMN18/image-asset.jpeg	relative	dave-blake.com	/Users/daveblake/site-backups/dave-blake-sspro/dave-blake.com/blog/../../images.squarespace-cdn.com/content/v1/54b09e7ce4b0755e628b618e/1707435991640-1WD76ORA5R3B6ERGMN18/image-asset.jpeg	1
../../images.squarespace-cdn.com/content/v1/54b09e7ce4b0755e628b618e/1707436035149-R608PQR0U0R0N00CJ8U2/DaveBlake_BeautyStory-RosesAndRevelations-001_121.jpg	relative	dave-blake.com	/Users/daveblake/site-backups/dave-blake-sspro/dave-blake.com/blog/../../images.squarespace-cdn.com/content/v1/54b09e7ce4b0755e628b618e/1707436035149-R608PQR0U0R0N00CJ8U2/DaveBlake_BeautyStory-RosesAndRevelations-001_121.jpg	1
../../images.squarespace-cdn.com/content/v1/54b09e7ce4b0755e628b618e/1707436045115-MTVX7QW16OW1OA4HZVHX/DaveBlake_BeautyStory-RosesAndRevelations-001_331.jpg	relative	dave-blake.com	/Users/daveblake/site-backups/dave-blake-sspro/dave-blake.com/blog/../../images.squarespace-cdn.com/content/v1/54b09e7ce4b0755e628b618e/1707436045115-MTVX7QW16OW1OA4HZVHX/DaveBlake_BeautyStory-RosesAndRevelations-001_331.jpg	1
../../images.squarespace-cdn.com/content/v1/54b09e7ce4b0755e628b618e/1707850344984-Q8L726P5M2M8596DAGWN/DaveBlake_BeautyStory-RosesAndRevelations-001_153.jpg	relative	dave-blake.com	/Users/daveblake/site-backups/dave-blake-sspro/dave-blake.com/blog/../../images.squarespace-cdn.com/content/v1/54b09e7ce4b0755e628b618e/1707850344984-Q8L726P5M2M8596DAGWN/DaveBlake_BeautyStory-RosesAndRevelations-001_153.jpg	1
../../images.squarespace-cdn.com/content/v1/54b09e7ce4b0755e628b618e/1707872819411-9IZ4JG237I1P7P551TTB/DaveBlake_BeautyStory-RosesAndRevelations-001_171.jpg	relative	dave-blake.com	/Users/daveblake/site-backups/dave-blake-sspro/dave-blake.com/blog/../../images.squarespace-cdn.com/content/v1/54b09e7ce4b0755e628b618e/1707872819411-9IZ4JG237I1P7P551TTB/DaveBlake_BeautyStory-RosesAndRevelations-001_171.jpg	1
../../images.squarespace-cdn.com/content/v1/54b09e7ce4b0755e628b618e/1707872842731-481BOB762DCU78RAPG46/DaveBlake_BeautyStory-RosesAndRevelations-001_167.jpg	relative	dave-blake.com	/Users/daveblake/site-backups/dave-blake-sspro/dave-blake.com/blog/../../images.squarespace-cdn.com/content/v1/54b09e7ce4b0755e628b618e/1707872842731-481BOB762DCU78RAPG46/DaveBlake_BeautyStory-RosesAndRevelations-001_167.jpg	1
../../images.squarespace-cdn.com/content/v1/54b09e7ce4b0755e628b618e/1707872875946-7WL2B08TO67PBUU2IB6F/DaveBlake_BeautyStory-RosesAndRevelations-001_161.jpg	relative	dave-blake.com	/Users/daveblake/site-backups/dave-blake-sspro/dave-blake.com/blog/../../images.squarespace-cdn.com/content/v1/54b09e7ce4b0755e628b618e/1707872875946-7WL2B08TO67PBUU2IB6F/DaveBlake_BeautyStory-RosesAndRevelations-001_161.jpg	1
../../images.squarespace-cdn.com/content/v1/54b09e7ce4b0755e628b618e/1707872921016-QZFD27V9JDGQL5R2PI94/DaveBlake_BeautyStory-RosesAndRevelations-001_361.jpg	relative	dave-blake.com	/Users/daveblake/site-backups/dave-blake-sspro/dave-blake.com/blog/../../images.squarespace-cdn.com/content/v1/54b09e7ce4b0755e628b618e/1707872921016-QZFD27V9JDGQL5R2PI94/DaveBlake_BeautyStory-RosesAndRevelations-001_361.jpg	1
../../images.squarespace-cdn.com/content/v1/54b09e7ce4b0755e628b618e/1708102398658-6KJXA81G4GVSIQIB6WCO/DaveBlake_SamJune-001_54.jpg	relative	dave-blake.com	/Users/daveblake/site-backups/dave-blake-sspro/dave-blake.com/blog/../../images.squarespace-cdn.com/content/v1/54b09e7ce4b0755e628b618e/1708102398658-6KJXA81G4GVSIQIB6WCO/DaveBlake_SamJune-001_54.jpg	1
../../images.squarespace-cdn.com/content/v1/54b09e7ce4b0755e628b618e/1708270754919-04UUMPPCBR7M8Z0JO42B/DaveBlake_CoachFW24-Street_20.jpg	relative	dave-blake.com	/Users/daveblake/site-backups/dave-blake-sspro/dave-blake.com/blog/../../images.squarespace-cdn.com/content/v1/54b09e7ce4b0755e628b618e/1708270754919-04UUMPPCBR7M8Z0JO42B/DaveBlake_CoachFW24-Street_20.jpg	1
../../images.squarespace-cdn.com/content/v1/54b09e7ce4b0755e628b618e/1708303925167-OTC9THXR4GPEPLD0T7D9/DaveBlake_JasmineDwyer-Street-Night-Flash_42.jpg	relative	dave-blake.com	/Users/daveblake/site-backups/dave-blake-sspro/dave-blake.com/blog/../../images.squarespace-cdn.com/content/v1/54b09e7ce4b0755e628b618e/1708303925167-OTC9THXR4GPEPLD0T7D9/DaveBlake_JasmineDwyer-Street-Night-Flash_42.jpg	1
../../images.squarespace-cdn.com/content/v1/54b09e7ce4b0755e628b618e/1709457575873-AXQK2HJNTS8M91ZFFR52/DaveBlake_Jagoda-Paris-001_30.jpg	relative	dave-blake.com	/Users/daveblake/site-backups/dave-blake-sspro/dave-blake.com/blog/../../images.squarespace-cdn.com/content/v1/54b09e7ce4b0755e628b618e/1709457575873-AXQK2HJNTS8M91ZFFR52/DaveBlake_Jagoda-Paris-001_30.jpg	1
../../images.squarespace-cdn.com/content/v1/54b09e7ce4b0755e628b618e/1709457592833-REV8C99V01UOWC0BHB59/DaveBlake_Jagoda-Paris-001_51.jpg	relative	dave-blake.com	/Users/daveblake/site-backups/dave-blake-sspro/dave-blake.com/blog/../../images.squarespace-cdn.com/content/v1/54b09e7ce4b0755e628b618e/1709457592833-REV8C99V01UOWC0BHB59/DaveBlake_Jagoda-Paris-001_51.jpg	1
../../images.squarespace-cdn.com/content/v1/54b09e7ce4b0755e628b618e/1709457621998-GHJBJADP60OZX10WR4EH/DaveBlake_Jagoda-Paris-001_110.jpg	relative	dave-blake.com	/Users/daveblake/site-backups/dave-blake-sspro/dave-blake.com/blog/../../images.squarespace-cdn.com/content/v1/54b09e7ce4b0755e628b618e/1709457621998-GHJBJADP60OZX10WR4EH/DaveBlake_Jagoda-Paris-001_110.jpg	1
../../images.squarespace-cdn.com/content/v1/54b09e7ce4b0755e628b618e/1709457681481-KIMTMXOQQW2CWXGUPF1J/DaveBlake_Jagoda-Paris-001_267_1.jpg	relative	dave-blake.com	/Users/daveblake/site-backups/dave-blake-sspro/dave-blake.com/blog/../../images.squarespace-cdn.com/content/v1/54b09e7ce4b0755e628b618e/1709457681481-KIMTMXOQQW2CWXGUPF1J/DaveBlake_Jagoda-Paris-001_267_1.jpg	1
../../images.squarespace-cdn.com/content/v1/54b09e7ce4b0755e628b618e/1710335358180-L9ARAICO9B39GVX1DDBK/DaveBlake_CharlotteBlickle_beauty_180.jpg	relative	dave-blake.com	/Users/daveblake/site-backups/dave-blake-sspro/dave-blake.com/blog/../../images.squarespace-cdn.com/content/v1/54b09e7ce4b0755e628b618e/1710335358180-L9ARAICO9B39GVX1DDBK/DaveBlake_CharlotteBlickle_beauty_180.jpg	1
../../images.squarespace-cdn.com/content/v1/54b09e7ce4b0755e628b618e/1711561777611-PQA6169A8JHQTCEIKU4Z/DaveBlake-MelanieAydee-gosee_039_1.jpg	relative	dave-blake.com	/Users/daveblake/site-backups/dave-blake-sspro/dave-blake.com/blog/../../images.squarespace-cdn.com/content/v1/54b09e7ce4b0755e628b618e/1711561777611-PQA6169A8JHQTCEIKU4Z/DaveBlake-MelanieAydee-gosee_039_1.jpg	1
../../images.squarespace-cdn.com/content/v1/54b09e7ce4b0755e628b618e/1711561954100-QL4CY40Q1Z5GX0JXM958/DaveBlake-MelanieAydee-gosee_215_1.jpg	relative	dave-blake.com	/Users/daveblake/site-backups/dave-blake-sspro/dave-blake.com/blog/../../images.squarespace-cdn.com/content/v1/54b09e7ce4b0755e628b618e/1711561954100-QL4CY40Q1Z5GX0JXM958/DaveBlake-MelanieAydee-gosee_215_1.jpg	1
../../images.squarespace-cdn.com/content/v1/54b09e7ce4b0755e628b618e/1712425917502-TN5N1Z9S4ZI9DG7MS2NJ/DaveBlake-MariLederman-gosee__442.jpg	relative	dave-blake.com	/Users/daveblake/site-backups/dave-blake-sspro/dave-blake.com/blog/../../images.squarespace-cdn.com/content/v1/54b09e7ce4b0755e628b618e/1712425917502-TN5N1Z9S4ZI9DG7MS2NJ/DaveBlake-MariLederman-gosee__442.jpg	1
../../images.squarespace-cdn.com/content/v1/54b09e7ce4b0755e628b618e/1712426042769-YGB7F2UAG2IP6DI9RLMJ/DaveBlake-MariLederman-gosee__441.jpg	relative	dave-blake.com	/Users/daveblake/site-backups/dave-blake-sspro/dave-blake.com/blog/../../images.squarespace-cdn.com/content/v1/54b09e7ce4b0755e628b618e/1712426042769-YGB7F2UAG2IP6DI9RLMJ/DaveBlake-MariLederman-gosee__441.jpg	1
../../images.squarespace-cdn.com/content/v1/54b09e7ce4b0755e628b618e/1712426123986-XTY0RC9BE0XFCF5C6893/DaveBlake-JasmineDwyer_157.jpg	relative	dave-blake.com	/Users/daveblake/site-backups/dave-blake-sspro/dave-blake.com/blog/../../images.squarespace-cdn.com/content/v1/54b09e7ce4b0755e628b618e/1712426123986-XTY0RC9BE0XFCF5C6893/DaveBlake-JasmineDwyer_157.jpg	1
../../images.squarespace-cdn.com/content/v1/54b09e7ce4b0755e628b618e/1712426220568-K0X5PTL59ROU5BTYSD0R/DaveBlake_JasmineDwyer-Street-Night-Flash_1.jpg	relative	dave-blake.com	/Users/daveblake/site-backups/dave-blake-sspro/dave-blake.com/blog/../../images.squarespace-cdn.com/content/v1/54b09e7ce4b0755e628b618e/1712426220568-K0X5PTL59ROU5BTYSD0R/DaveBlake_JasmineDwyer-Street-Night-Flash_1.jpg	1
../../images.squarespace-cdn.com/content/v1/54b09e7ce4b0755e628b618e/1713196106799-JEETDLC7IEEUHWQ68SC8/image-asset.jpeg	relative	dave-blake.com	/Users/daveblake/site-backups/dave-blake-sspro/dave-blake.com/blog/../../images.squarespace-cdn.com/content/v1/54b09e7ce4b0755e628b618e/1713196106799-JEETDLC7IEEUHWQ68SC8/image-asset.jpeg	1
../../images.squarespace-cdn.com/content/v1/54b09e7ce4b0755e628b618e/1735435095013-CPULV55QTG35OHMLIB1P/DaveBlake_camilla-muller-beach_288.jpg	relative	dave-blake.com	/Users/daveblake/site-backups/dave-blake-sspro/dave-blake.com/blog/../../images.squarespace-cdn.com/content/v1/54b09e7ce4b0755e628b618e/1735435095013-CPULV55QTG35OHMLIB1P/DaveBlake_camilla-muller-beach_288.jpg	1
../../images.squarespace-cdn.com/content/v1/54b09e7ce4b0755e628b618e/1735435174741-WII1O22G64ZART66PVLT/DaveBlake_camilla-muller-beach_307.jpg	relative	dave-blake.com	/Users/daveblake/site-backups/dave-blake-sspro/dave-blake.com/blog/../../images.squarespace-cdn.com/content/v1/54b09e7ce4b0755e628b618e/1735435174741-WII1O22G64ZART66PVLT/DaveBlake_camilla-muller-beach_307.jpg	1
../../images.squarespace-cdn.com/content/v1/54b09e7ce4b0755e628b618e/1735435257047-9D807GMBQ3PO18ZF0UX9/DaveBlake_camilla-muller-beach_150.jpg	relative	dave-blake.com	/Users/daveblake/site-backups/dave-blake-sspro/dave-blake.com/blog/../../images.squarespace-cdn.com/content/v1/54b09e7ce4b0755e628b618e/1735435257047-9D807GMBQ3PO18ZF0UX9/DaveBlake_camilla-muller-beach_150.jpg	1
../../images.squarespace-cdn.com/content/v1/54b09e7ce4b0755e628b618e/1735435361319-VIO2H0GB7HIJYOQPEJQ2/DaveBlake_camilla-muller-beach_219_1.jpg	relative	dave-blake.com	/Users/daveblake/site-backups/dave-blake-sspro/dave-blake.com/blog/../../images.squarespace-cdn.com/content/v1/54b09e7ce4b0755e628b618e/1735435361319-VIO2H0GB7HIJYOQPEJQ2/DaveBlake_camilla-muller-beach_219_1.jpg	1
../../images.squarespace-cdn.com/content/v1/54b09e7ce4b0755e628b618e/1735435429983-G1GMNMZCJUYBVHMN5XRQ/DaveBlake_camilla-muller-beach_368.jpg	relative	dave-blake.com	/Users/daveblake/site-backups/dave-blake-sspro/dave-blake.com/blog/../../images.squarespace-cdn.com/content/v1/54b09e7ce4b0755e628b618e/1735435429983-G1GMNMZCJUYBVHMN5XRQ/DaveBlake_camilla-muller-beach_368.jpg	1
../../images.squarespace-cdn.com/content/v1/54b09e7ce4b0755e628b618e/1735435453487-0BIB1L3GS53LYXN8K2EH/DaveBlake_camilla-muller-beach_430_1.jpg	relative	dave-blake.com	/Users/daveblake/site-backups/dave-blake-sspro/dave-blake.com/blog/../../images.squarespace-cdn.com/content/v1/54b09e7ce4b0755e628b618e/1735435453487-0BIB1L3GS53LYXN8K2EH/DaveBlake_camilla-muller-beach_430_1.jpg	1
../../images.squarespace-cdn.com/content/v1/54b09e7ce4b0755e628b618e/1735436240006-L7QD5NF72YV7QRLGGLLF/DaveBlake_camilla-muller-beach_108.jpg	relative	dave-blake.com	/Users/daveblake/site-backups/dave-blake-sspro/dave-blake.com/blog/../../images.squarespace-cdn.com/content/v1/54b09e7ce4b0755e628b618e/1735436240006-L7QD5NF72YV7QRLGGLLF/DaveBlake_camilla-muller-beach_108.jpg	1
../../images.squarespace-cdn.com/content/v1/54b09e7ce4b0755e628b618e/1735436252227-BFJSPNSK8B38A7MX3KYV/DaveBlake_camilla-muller-beach_113.jpg	relative	dave-blake.com	/Users/daveblake/site-backups/dave-blake-sspro/dave-blake.com/blog/../../images.squarespace-cdn.com/content/v1/54b09e7ce4b0755e628b618e/1735436252227-BFJSPNSK8B38A7MX3KYV/DaveBlake_camilla-muller-beach_113.jpg	1
../../images.squarespace-cdn.com/content/v1/54b09e7ce4b0755e628b618e/1735436282502-HZZJ7YD86Y6T2YKWEEFC/DaveBlake_camilla-muller-beach_175.jpg	relative	dave-blake.com	/Users/daveblake/site-backups/dave-blake-sspro/dave-blake.com/blog/../../images.squarespace-cdn.com/content/v1/54b09e7ce4b0755e628b618e/1735436282502-HZZJ7YD86Y6T2YKWEEFC/DaveBlake_camilla-muller-beach_175.jpg	1
../../images.squarespace-cdn.com/content/v1/54b09e7ce4b0755e628b618e/1735436367001-HV3WMHLAW275AIBIUK2B/DaveBlake_camilla-muller-beach_158.jpg	relative	dave-blake.com	/Users/daveblake/site-backups/dave-blake-sspro/dave-blake.com/blog/../../images.squarespace-cdn.com/content/v1/54b09e7ce4b0755e628b618e/1735436367001-HV3WMHLAW275AIBIUK2B/DaveBlake_camilla-muller-beach_158.jpg	1
../../images.squarespace-cdn.com/content/v1/54b09e7ce4b0755e628b618e/1737273811744-7EE96R5FFT0LI77WNXYJ/DaveBlake_chloe-bau_369.jpg	relative	dave-blake.com	/Users/daveblake/site-backups/dave-blake-sspro/dave-blake.com/blog/../../images.squarespace-cdn.com/content/v1/54b09e7ce4b0755e628b618e/1737273811744-7EE96R5FFT0LI77WNXYJ/DaveBlake_chloe-bau_369.jpg	1
../../images.squarespace-cdn.com/content/v1/54b09e7ce4b0755e628b618e/1737273823078-XME74OQYVDA2N3QOWKCR/DaveBlake_chloe-bau_336.jpg	relative	dave-blake.com	/Users/daveblake/site-backups/dave-blake-sspro/dave-blake.com/blog/../../images.squarespace-cdn.com/content/v1/54b09e7ce4b0755e628b618e/1737273823078-XME74OQYVDA2N3QOWKCR/DaveBlake_chloe-bau_336.jpg	1
../../images.squarespace-cdn.com/content/v1/54b09e7ce4b0755e628b618e/1737273862082-SA22WWZ7ASALPCNEXKH2/DaveBlake_chloe-bau_339.jpg	relative	dave-blake.com	/Users/daveblake/site-backups/dave-blake-sspro/dave-blake.com/blog/../../images.squarespace-cdn.com/content/v1/54b09e7ce4b0755e628b618e/1737273862082-SA22WWZ7ASALPCNEXKH2/DaveBlake_chloe-bau_339.jpg	1
../../images.squarespace-cdn.com/content/v1/54b09e7ce4b0755e628b618e/1740465861122-E5U0S6R7SB1UG8SRO0PR/DaveBlake_isabelle-marcovich-test-shoot-brisbane_370.jpg	relative	dave-blake.com	/Users/daveblake/site-backups/dave-blake-sspro/dave-blake.com/blog/../../images.squarespace-cdn.com/content/v1/54b09e7ce4b0755e628b618e/1740465861122-E5U0S6R7SB1UG8SRO0PR/DaveBlake_isabelle-marcovich-test-shoot-brisbane_370.jpg	1
../../images.squarespace-cdn.com/content/v1/54b09e7ce4b0755e628b618e/1740619505769-GZK4YZZD1F7GJS126WV0/DaveBlake_AndreaLangfeldt-001_97.jpg	relative	dave-blake.com	/Users/daveblake/site-backups/dave-blake-sspro/dave-blake.com/blog/../../images.squarespace-cdn.com/content/v1/54b09e7ce4b0755e628b618e/1740619505769-GZK4YZZD1F7GJS126WV0/DaveBlake_AndreaLangfeldt-001_97.jpg	1
../../images.squarespace-cdn.com/content/v1/54b09e7ce4b0755e628b618e/1741244272253-3OEGP2UAQGFI95IOSXTN/DaveBlake_BeautyGoSeeNY-FrancescaOnorato-001_90.jpg	relative	dave-blake.com	/Users/daveblake/site-backups/dave-blake-sspro/dave-blake.com/blog/../../images.squarespace-cdn.com/content/v1/54b09e7ce4b0755e628b618e/1741244272253-3OEGP2UAQGFI95IOSXTN/DaveBlake_BeautyGoSeeNY-FrancescaOnorato-001_90.jpg	1
../../images.squarespace-cdn.com/content/v1/54b09e7ce4b0755e628b618e/1741586079541-22UURK8LIWII7BRTQ14T/DaveBlake_isabelle-marcovich-beach-shoot-byron-bay_660.jpg	relative	dave-blake.com	/Users/daveblake/site-backups/dave-blake-sspro/dave-blake.com/blog/../../images.squarespace-cdn.com/content/v1/54b09e7ce4b0755e628b618e/1741586079541-22UURK8LIWII7BRTQ14T/DaveBlake_isabelle-marcovich-beach-shoot-byron-bay_660.jpg	1
../../images.squarespace-cdn.com/content/v1/54b09e7ce4b0755e628b618e/1741586101291-ZV0J8V8E5QGM9GUK0VT7/DaveBlake_isabelle-marcovich-beach-shoot-byron-bay_674.jpg	relative	dave-blake.com	/Users/daveblake/site-backups/dave-blake-sspro/dave-blake.com/blog/../../images.squarespace-cdn.com/content/v1/54b09e7ce4b0755e628b618e/1741586101291-ZV0J8V8E5QGM9GUK0VT7/DaveBlake_isabelle-marcovich-beach-shoot-byron-bay_674.jpg	1
../../images.squarespace-cdn.com/content/v1/54b09e7ce4b0755e628b618e/1752377623914-GQJJAX1A30YVZXOXIFOR/DaveBlake_Barunga-NTM25_516.jpg	relative	dave-blake.com	/Users/daveblake/site-backups/dave-blake-sspro/dave-blake.com/blog/../../images.squarespace-cdn.com/content/v1/54b09e7ce4b0755e628b618e/1752377623914-GQJJAX1A30YVZXOXIFOR/DaveBlake_Barunga-NTM25_516.jpg	1
../../images.squarespace-cdn.com/content/v1/54b09e7ce4b0755e628b618e/1752378564494-POLYD2ALRLQWRTCXS0WH/DaveBlake_Barunga-NTM25_1184.jpg	relative	dave-blake.com	/Users/daveblake/site-backups/dave-blake-sspro/dave-blake.com/blog/../../images.squarespace-cdn.com/content/v1/54b09e7ce4b0755e628b618e/1752378564494-POLYD2ALRLQWRTCXS0WH/DaveBlake_Barunga-NTM25_1184.jpg	1
../../images.squarespace-cdn.com/content/v1/54b09e7ce4b0755e628b618e/1752378580171-27FBDC1SGE8NX9FJHHFJ/DaveBlake_Barunga-NTM25_1197_1.jpg	relative	dave-blake.com	/Users/daveblake/site-backups/dave-blake-sspro/dave-blake.com/blog/../../images.squarespace-cdn.com/content/v1/54b09e7ce4b0755e628b618e/1752378580171-27FBDC1SGE8NX9FJHHFJ/DaveBlake_Barunga-NTM25_1197_1.jpg	1
../../images.squarespace-cdn.com/content/v1/54b09e7ce4b0755e628b618e/1753935158811-PYMXDHTSEZPHEZS1X2Z5/DaveBlake_Elly-Sharp-Gosee_18.jpg	relative	dave-blake.com	/Users/daveblake/site-backups/dave-blake-sspro/dave-blake.com/blog/../../images.squarespace-cdn.com/content/v1/54b09e7ce4b0755e628b618e/1753935158811-PYMXDHTSEZPHEZS1X2Z5/DaveBlake_Elly-Sharp-Gosee_18.jpg	1
../../images.squarespace-cdn.com/content/v1/54b09e7ce4b0755e628b618e/1754616927669-0X5WRR741U5IID09178D/DaveBlake_Belle-Marcovich-studio_784.jpg	relative	dave-blake.com	/Users/daveblake/site-backups/dave-blake-sspro/dave-blake.com/blog/../../images.squarespace-cdn.com/content/v1/54b09e7ce4b0755e628b618e/1754616927669-0X5WRR741U5IID09178D/DaveBlake_Belle-Marcovich-studio_784.jpg	1
../../images.squarespace-cdn.com/content/v1/54b09e7ce4b0755e628b618e/1754616999735-NWFR97C1INBT67UIB9NU/DaveBlake_Belle-Marcovich-studio_253.jpg	relative	dave-blake.com	/Users/daveblake/site-backups/dave-blake-sspro/dave-blake.com/blog/../../images.squarespace-cdn.com/content/v1/54b09e7ce4b0755e628b618e/1754616999735-NWFR97C1INBT67UIB9NU/DaveBlake_Belle-Marcovich-studio_253.jpg	1
../../images.squarespace-cdn.com/content/v1/54b09e7ce4b0755e628b618e/1754617169069-9R28PVEU2WVZITQ518PR/DaveBlake_Belle-Marcovich-studio_247.jpg	relative	dave-blake.com	/Users/daveblake/site-backups/dave-blake-sspro/dave-blake.com/blog/../../images.squarespace-cdn.com/content/v1/54b09e7ce4b0755e628b618e/1754617169069-9R28PVEU2WVZITQ518PR/DaveBlake_Belle-Marcovich-studio_247.jpg	1
../../images.squarespace-cdn.com/content/v1/54b09e7ce4b0755e628b618e/1756791959466-OYQ2K7316RWMXQ3EGH8L/DaveBlake_BelleM_DB_024.jpg	relative	dave-blake.com	/Users/daveblake/site-backups/dave-blake-sspro/dave-blake.com/blog/../../images.squarespace-cdn.com/content/v1/54b09e7ce4b0755e628b618e/1756791959466-OYQ2K7316RWMXQ3EGH8L/DaveBlake_BelleM_DB_024.jpg	1
../../images.squarespace-cdn.com/content/v1/54b09e7ce4b0755e628b618e/1756791959594-ZE9PYAUL4E1FRB3HC9TB/DaveBlake_BelleM_DB_004.jpg	relative	dave-blake.com	/Users/daveblake/site-backups/dave-blake-sspro/dave-blake.com/blog/../../images.squarespace-cdn.com/content/v1/54b09e7ce4b0755e628b618e/1756791959594-ZE9PYAUL4E1FRB3HC9TB/DaveBlake_BelleM_DB_004.jpg	1
../../images.squarespace-cdn.com/content/v1/54b09e7ce4b0755e628b618e/1756791983596-DOLW40C2M23MLYRG4WM7/DaveBlake_BelleM_DB_104.jpg	relative	dave-blake.com	/Users/daveblake/site-backups/dave-blake-sspro/dave-blake.com/blog/../../images.squarespace-cdn.com/content/v1/54b09e7ce4b0755e628b618e/1756791983596-DOLW40C2M23MLYRG4WM7/DaveBlake_BelleM_DB_104.jpg	1
../../images.squarespace-cdn.com/content/v1/54b09e7ce4b0755e628b618e/1756791991283-Y0Q042Y4TPA0FT8WRQHC/DaveBlake_BelleM_DB_037.jpg	relative	dave-blake.com	/Users/daveblake/site-backups/dave-blake-sspro/dave-blake.com/blog/../../images.squarespace-cdn.com/content/v1/54b09e7ce4b0755e628b618e/1756791991283-Y0Q042Y4TPA0FT8WRQHC/DaveBlake_BelleM_DB_037.jpg	1
../../images.squarespace-cdn.com/content/v1/54b09e7ce4b0755e628b618e/1758603589245-A516KHKE30SIEEYL5HFW/DaveBlake-Ellie+FitzGerald_331.jpg	relative	dave-blake.com	/Users/daveblake/site-backups/dave-blake-sspro/dave-blake.com/blog/../../images.squarespace-cdn.com/content/v1/54b09e7ce4b0755e628b618e/1758603589245-A516KHKE30SIEEYL5HFW/DaveBlake-Ellie+FitzGerald_331.jpg	1
../../images.squarespace-cdn.com/content/v1/54b09e7ce4b0755e628b618e/1758603596480-RWJDVUQRXH46KJZMUEH4/DaveBlake-Ellie+FitzGerald_297.jpg	relative	dave-blake.com	/Users/daveblake/site-backups/dave-blake-sspro/dave-blake.com/blog/../../images.squarespace-cdn.com/content/v1/54b09e7ce4b0755e628b618e/1758603596480-RWJDVUQRXH46KJZMUEH4/DaveBlake-Ellie+FitzGerald_297.jpg	1
../../images.squarespace-cdn.com/content/v1/54b09e7ce4b0755e628b618e/1761204578113-ELLULJZ2WPT0QHGBB2WY/DaveBlake-Katie-Nicholls_studio_474_1.jpg	relative	dave-blake.com	/Users/daveblake/site-backups/dave-blake-sspro/dave-blake.com/blog/../../images.squarespace-cdn.com/content/v1/54b09e7ce4b0755e628b618e/1761204578113-ELLULJZ2WPT0QHGBB2WY/DaveBlake-Katie-Nicholls_studio_474_1.jpg	1
../../images.squarespace-cdn.com/content/v1/54b09e7ce4b0755e628b618e/1763615676265-WLEYWIHXCEPCRL613E1H/kikiaki_0751-1.jpg	relative	dave-blake.com	/Users/daveblake/site-backups/dave-blake-sspro/dave-blake.com/blog/../../images.squarespace-cdn.com/content/v1/54b09e7ce4b0755e628b618e/1763615676265-WLEYWIHXCEPCRL613E1H/kikiaki_0751-1.jpg	1
../../images.squarespace-cdn.com/index.txt	relative	dave-blake.com	/Users/daveblake/site-backups/dave-blake-sspro/dave-blake.com/blog/../../images.squarespace-cdn.com/index.txt	1
../../plausible.io/js/pa-6MgTxb9zYnj2UE1enG6Rj.js	relative	dave-blake.com	/Users/daveblake/site-backups/dave-blake-sspro/dave-blake.com/blog/../../plausible.io/js/pa-6MgTxb9zYnj2UE1enG6Rj.js	1
../../sitesucker.vimeocdn.com/772980437.mp4	relative	dave-blake.com	/Users/daveblake/site-backups/dave-blake-sspro/dave-blake.com/blog/../../sitesucker.vimeocdn.com/772980437.mp4	1
../../static1.squarespace.com/static/54b09e7ce4b0755e628b618e/t/600e57974955200b5b2ed8f7/1611552663480/beyondspace-videothumb-min.css	relative	dave-blake.com	/Users/daveblake/site-backups/dave-blake-sspro/dave-blake.com/blog/../../static1.squarespace.com/static/54b09e7ce4b0755e628b618e/t/600e57974955200b5b2ed8f7/1611552663480/beyondspace-videothumb-min.css	1
../../static1.squarespace.com/static/54b09e7ce4b0755e628b618e/t/63ec1cf656c96f20fc863482/1676418294221/beyondspace-videothumb-480.min.js	relative	dave-blake.com	/Users/daveblake/site-backups/dave-blake-sspro/dave-blake.com/blog/../../static1.squarespace.com/static/54b09e7ce4b0755e628b618e/t/63ec1cf656c96f20fc863482/1676418294221/beyondspace-videothumb-480.min.js	1
../../static1.squarespace.com/static/sitecss/54b09e7ce4b0755e628b618e/559/4f9adc1524ac5df956fdf98f/579d96da2994ca7a061394db/869/site.css	relative	dave-blake.com	/Users/daveblake/site-backups/dave-blake-sspro/dave-blake.com/blog/../../static1.squarespace.com/static/sitecss/54b09e7ce4b0755e628b618e/559/4f9adc1524ac5df956fdf98f/579d96da2994ca7a061394db/869/site.css	1
../../use.typekit.net/ik/iOOreT1LHwbjwuKnZ_OC0oNN0RLc5gYr-xtz-rvlAAMfel6IfFHN4UJLFRbh52jhWD9XjRMoZQiRZQsKw2SuFA9hwRyKFRItZsnuMKG0jAFu-WsoShFGZAsude80ZkoRdhXCHKoyjamTiY8Djhy8ZYmC-Ao1Oco8if37OcBDOcu8OfG0ZeBhZA4CjAl8O1FUiABkZWF3jAF8OcFzdP37O1FUiABkZWF3jAF8ShFGZAs_636bc048956a8385.js	relative	dave-blake.com	/Users/daveblake/site-backups/dave-blake-sspro/dave-blake.com/blog/../../use.typekit.net/ik/iOOreT1LHwbjwuKnZ_OC0oNN0RLc5gYr-xtz-rvlAAMfel6IfFHN4UJLFRbh52jhWD9XjRMoZQiRZQsKw2SuFA9hwRyKFRItZsnuMKG0jAFu-WsoShFGZAsude80ZkoRdhXCHKoyjamTiY8Djhy8ZYmC-Ao1Oco8if37OcBDOcu8OfG0ZeBhZA4CjAl8O1FUiABkZWF3jAF8OcFzdP37O1FUiABkZWF3jAF8ShFGZAs_636bc048956a8385.js	1
../contact.html	relative	dave-blake.com	/Users/daveblake/site-backups/dave-blake-sspro/dave-blake.com/blog/../contact.html	1
../gift-card/model-portfolio-gift-card-brisbane-byron-bay.html	relative	dave-blake.com	/Users/daveblake/site-backups/dave-blake-sspro/dave-blake.com/blog/../gift-card/model-portfolio-gift-card-brisbane-byron-bay.html	1
../index.html	relative	dave-blake.com	/Users/daveblake/site-backups/dave-blake-sspro/dave-blake.com/blog/../index.html	1
../model-contact-form.html	relative	dave-blake.com	/Users/daveblake/site-backups/dave-blake-sspro/dave-blake.com/blog/../model-contact-form.html	1
../model-tests.html	relative	dave-blake.com	/Users/daveblake/site-backups/dave-blake-sspro/dave-blake.com/blog/../model-tests.html	1
../portfolio/beauty.html	relative	dave-blake.com	/Users/daveblake/site-backups/dave-blake-sspro/dave-blake.com/blog/../portfolio/beauty.html	1
../portfolio/fashion.html	relative	dave-blake.com	/Users/daveblake/site-backups/dave-blake-sspro/dave-blake.com/blog/../portfolio/fashion.html	1
../portfolio/motion.html	relative	dave-blake.com	/Users/daveblake/site-backups/dave-blake-sspro/dave-blake.com/blog/../portfolio/motion.html	1
../portfolio/swimwear.html	relative	dave-blake.com	/Users/daveblake/site-backups/dave-blake-sspro/dave-blake.com/blog/../portfolio/swimwear.html	1
../services.html	relative	dave-blake.com	/Users/daveblake/site-backups/dave-blake-sspro/dave-blake.com/blog/../services.html	1
../story.html	relative	dave-blake.com	/Users/daveblake/site-backups/dave-blake-sspro/dave-blake.com/blog/../story.html	1
../story/aafw22-x-grittypretty-x-redken.html	relative	dave-blake.com	/Users/daveblake/site-backups/dave-blake-sspro/dave-blake.com/blog/../story/aafw22-x-grittypretty-x-redken.html	1
../story/aje-mothers-day-edit-2022.html	relative	dave-blake.com	/Users/daveblake/site-backups/dave-blake-sspro/dave-blake.com/blog/../story/aje-mothers-day-edit-2022.html	1
../story/andy-kovszun-stitchandhide21.html	relative	dave-blake.com	/Users/daveblake/site-backups/dave-blake-sspro/dave-blake.com/blog/../story/andy-kovszun-stitchandhide21.html	1
../story/barungas-next-top-model-2025.html	relative	dave-blake.com	/Users/daveblake/site-backups/dave-blake-sspro/dave-blake.com/blog/../story/barungas-next-top-model-2025.html	1
../story/coach-micro-mini-anna-feller.html	relative	dave-blake.com	/Users/daveblake/site-backups/dave-blake-sspro/dave-blake.com/blog/../story/coach-micro-mini-anna-feller.html	1
../story/craig-ruddy-artist.html	relative	dave-blake.com	/Users/daveblake/site-backups/dave-blake-sspro/dave-blake.com/blog/../story/craig-ruddy-artist.html	1
../story/personal/35mm-kodak-ektachrome-e100-cross-processed-nikon-f100-70-200-28-f4.html	relative	dave-blake.com	/Users/daveblake/site-backups/dave-blake-sspro/dave-blake.com/blog/../story/personal/35mm-kodak-ektachrome-e100-cross-processed-nikon-f100-70-200-28-f4.html	1
../story/personal/michelle-bagarra-quantum-jumping.html	relative	dave-blake.com	/Users/daveblake/site-backups/dave-blake-sspro/dave-blake.com/blog/../story/personal/michelle-bagarra-quantum-jumping.html	1
../story/personal/run-rabbit-run-beauty-loli-watson.html	relative	dave-blake.com	/Users/daveblake/site-backups/dave-blake-sspro/dave-blake.com/blog/../story/personal/run-rabbit-run-beauty-loli-watson.html	1
private-portrait-sessions-in-brisbane-byron-bay-sydney.html	relative	dave-blake.com	/Users/daveblake/site-backups/dave-blake-sspro/dave-blake.com/blog/private-portrait-sessions-in-brisbane-byron-bay-sydney.html	1
top-modelling-agencies-brisbane-how-to-get-signed.html	relative	dave-blake.com	/Users/daveblake/site-backups/dave-blake-sspro/dave-blake.com/blog/top-modelling-agencies-brisbane-how-to-get-signed.html	1
what-is-an-editorial-photographer.html	relative	dave-blake.com	/Users/daveblake/site-backups/dave-blake-sspro/dave-blake.com/blog/what-is-an-editorial-photographer.html	1
