"https://dave-blake.com/","https://www.dave-blake.com/","301"
"https://dave-blake.com/_downloads.html","https://www.dave-blake.com/_downloads","301"
"https://dave-blake.com/blog.html","https://www.dave-blake.com/blog","301"
"https://dave-blake.com/blog/category/Editorial%20Photography.html","https://www.dave-blake.com/blog","301"
"https://dave-blake.com/blog/category/Editorial+Photography.html","https://www.dave-blake.com/blog","301"
"https://dave-blake.com/blog/category/Industry%20Guides.html","https://www.dave-blake.com/blog","301"
"https://dave-blake.com/blog/category/Industry+Guides.html","https://www.dave-blake.com/blog","301"
"https://dave-blake.com/blog/category/Insights.html","https://www.dave-blake.com/blog","301"
"https://dave-blake.com/blog/category/Model%20Resources.html","https://www.dave-blake.com/blog","301"
"https://dave-blake.com/blog/category/Model+Resources.html","https://www.dave-blake.com/blog","301"
"https://dave-blake.com/blog/category/Photography%20Guides.html","https://www.dave-blake.com/blog","301"
"https://dave-blake.com/blog/category/Photography+Guides.html","https://www.dave-blake.com/blog","301"
"https://dave-blake.com/blog/category/Portrait%20Photography.html","https://www.dave-blake.com/blog","301"
"https://dave-blake.com/blog/category/Portrait+Photography.html","https://www.dave-blake.com/blog","301"
"https://dave-blake.com/blog/how-to-start-modelling-in-brisbane-or-byron-bay-even-with-no-experience.html","https://www.dave-blake.com/blog/how-to-start-modelling-in-brisbane-or-byron-bay-even-with-no-experience","301"
"https://dave-blake.com/blog/private-portrait-sessions-in-brisbane-byron-bay-sydney.html","https://www.dave-blake.com/blog/private-portrait-sessions-in-brisbane-byron-bay-sydney","301"
"https://dave-blake.com/blog/tag/Brisbane+photographer.html","https://www.dave-blake.com/blog","301"
"https://dave-blake.com/blog/tag/Brisbane.html","https://www.dave-blake.com/blog","301"
"https://dave-blake.com/blog/tag/Byron+Bay+photographer.html","https://www.dave-blake.com/blog","301"
"https://dave-blake.com/blog/tag/Byron+Bay.html","https://www.dave-blake.com/blog","301"
"https://dave-blake.com/blog/tag/Sydney+photographer.html","https://www.dave-blake.com/blog","301"
"https://dave-blake.com/blog/tag/agency+ready.html","https://www.dave-blake.com/blog","301"
"https://dave-blake.com/blog/tag/art+nude+photography.html","https://www.dave-blake.com/blog","301"
"https://dave-blake.com/blog/tag/becoming+a+model.html","https://www.dave-blake.com/blog","301"
"https://dave-blake.com/blog/tag/bespoke+photography.html","https://www.dave-blake.com/blog","301"
"https://dave-blake.com/blog/tag/boudoir+photography.html","https://www.dave-blake.com/blog","301"
"https://dave-blake.com/blog/tag/brisbane+fashion+photographer.html","https://www.dave-blake.com/blog","301"
"https://dave-blake.com/blog/tag/brisbane+model+agencies.html","https://www.dave-blake.com/blog","301"
"https://dave-blake.com/blog/tag/concept+development.html","https://www.dave-blake.com/blog","301"
"https://dave-blake.com/blog/tag/dave+blake+photography.html","https://www.dave-blake.com/blog","301"
"https://dave-blake.com/blog/tag/editorial+photographer.html","https://www.dave-blake.com/blog","301"
"https://dave-blake.com/blog/tag/editorial+portraiture.html","https://www.dave-blake.com/blog","301"
"https://dave-blake.com/blog/tag/fashion+industry+advice.html","https://www.dave-blake.com/blog","301"
"https://dave-blake.com/blog/tag/getting+signed+in+brisbane.html","https://www.dave-blake.com/blog","301"
"https://dave-blake.com/blog/tag/headshots+for+models.html","https://www.dave-blake.com/blog","301"
"https://dave-blake.com/blog/tag/how+to+get+signed.html","https://www.dave-blake.com/blog","301"
"https://dave-blake.com/blog/tag/location+photography.html","https://www.dave-blake.com/blog","301"
"https://dave-blake.com/blog/tag/model+folio+tips.html","https://www.dave-blake.com/blog","301"
"https://dave-blake.com/blog/tag/model+portfolio+guide.html","https://www.dave-blake.com/blog","301"
"https://dave-blake.com/blog/tag/model+tips+australia.html","https://www.dave-blake.com/blog","301"
"https://dave-blake.com/blog/tag/natural+light+portraits.html","https://www.dave-blake.com/blog","301"
"https://dave-blake.com/blog/tag/personal+branding+photography.html","https://www.dave-blake.com/blog","301"
"https://dave-blake.com/blog/tag/portfolio+photographer.html","https://www.dave-blake.com/blog","301"
"https://dave-blake.com/blog/tag/portrait+photography.html","https://www.dave-blake.com/blog","301"
"https://dave-blake.com/blog/tag/premium+portraits.html","https://www.dave-blake.com/blog","301"
"https://dave-blake.com/blog/tag/private+portrait+sessions.html","https://www.dave-blake.com/blog","301"
"https://dave-blake.com/blog/tag/storytelling.html","https://www.dave-blake.com/blog","301"
"https://dave-blake.com/blog/tag/studio+portrait+sessions.html","https://www.dave-blake.com/blog","301"
"https://dave-blake.com/blog/tag/talent+direction.html","https://www.dave-blake.com/blog","301"
"https://dave-blake.com/blog/tag/unsigned+models.html","https://www.dave-blake.com/blog","301"
"https://dave-blake.com/blog/tag/visual+narratives.html","https://www.dave-blake.com/blog","301"
"https://dave-blake.com/blog/top-modelling-agencies-brisbane-how-to-get-signed.html","https://www.dave-blake.com/blog/top-modelling-agencies-brisbane-how-to-get-signed","301"
"https://dave-blake.com/blog/what-is-an-editorial-photographer.html","https://www.dave-blake.com/blog/what-is-an-editorial-photographer","301"
"https://dave-blake.com/blog?format=rss.rss","https://www.dave-blake.com/blog","301"
"https://dave-blake.com/buy/gift-card/photographer-mentoring-training-workshops/per-hour","https://www.dave-blake.com/gift-card/photographer-mentoring-gift-card-brisbane-byron-bay-or-remote","301"
"https://dave-blake.com/contact.html","https://www.dave-blake.com/contact","301"
"https://dave-blake.com/fashion-week-1/tag/Annabella+Barber","https://www.dave-blake.com/story","301"
"https://dave-blake.com/fashion-week-1/tag/Jordan+Barrett","https://www.dave-blake.com/story","301"
"https://dave-blake.com/gift-card.html","https://www.dave-blake.com/gift-card","301"
"https://dave-blake.com/gift-card/model-portfolio-gift-card-brisbane-byron-bay-tmp.html","https://www.dave-blake.com/gift-card/model-portfolio-gift-card-brisbane-byron-bay-tmp","301"
"https://dave-blake.com/gift-card/model-portfolio-gift-card-brisbane-byron-bay.html","https://www.dave-blake.com/gift-card/model-portfolio-gift-card-brisbane-byron-bay","301"
"https://dave-blake.com/gift-card/photographer-mentoring-gift-card-brisbane-byron-bay-or-remote.html","https://www.dave-blake.com/gift-card/photographer-mentoring-gift-card-brisbane-byron-bay-or-remote","301"
"https://dave-blake.com/gift-card?category=Gift+Cards.html","https://www.dave-blake.com/gift-card","301"
"https://dave-blake.com/gift-card?category=Photographer+Mentoring.html","https://www.dave-blake.com/gift-card","301"
"https://dave-blake.com/gift-cards.html","https://www.dave-blake.com/gift-cards","301"
"https://dave-blake.com/gift-cards/headshot-gift-card-brisbane-byron-bay.html","https://www.dave-blake.com/gift-cards/headshot-gift-card-brisbane-byron-bay","301"
"https://dave-blake.com/gift-cards/model-portfolio-gift-card-brisbane-byron-bay","https://www.dave-blake.com/gift-card/model-portfolio-gift-card-brisbane-byron-bay","301"
"https://dave-blake.com/gift-cards?category=Actor%20Headshots.html","https://www.dave-blake.com/gift-cards","301"
"https://dave-blake.com/gift-cards?category=Actor+Headshots.html","https://www.dave-blake.com/gift-cards","301"
"https://dave-blake.com/gift-cards?category=Gift+Cards.html","https://www.dave-blake.com/gift-cards","301"
"https://dave-blake.com/gift-cards?category=Model+Portfolio+Packages.html","https://www.dave-blake.com/gift-cards","301"
"https://dave-blake.com/gosee/img/ellag","https://www.dave-blake.com/model-tests","301"
"https://dave-blake.com/gosees","https://www.dave-blake.com/model-tests","301"
"https://dave-blake.com/model-contact-form.html","https://www.dave-blake.com/model-contact-form","301"
"https://dave-blake.com/model-test-shoots/brisbane.html","https://www.dave-blake.com/model-test-shoots/brisbane","301"
"https://dave-blake.com/model-tests.html","https://www.dave-blake.com/model-tests","301"
"https://dave-blake.com/packages/model-portfolio-photographer","https://www.dave-blake.com/services/model-portfolios","301"
"https://dave-blake.com/photographer-in/byron-bay-for-model-portfolio-may-2020","https://www.dave-blake.com/services/model-portfolios/byron-bay","301"
"https://dave-blake.com/photographer-in/miami-beach-for-swim-show-swim-week-2019","https://www.dave-blake.com/portfolio/swimwear","301"
"https://dave-blake.com/photographer.html","https://www.dave-blake.com/photographer","301"
"https://dave-blake.com/photographer/2016/10/13/gold-coast-fashion-photographer.html","https://www.dave-blake.com/photographer/2016/10/13/gold-coast-fashion-photographer","301"
"https://dave-blake.com/photographer/2016/9/12/byron-bay-swimwear-photography.html","https://www.dave-blake.com/photographer/2016/9/12/byron-bay-swimwear-photography","301"
"https://dave-blake.com/photographer/2016/9/12/gold-coast-swimwear-photography.html","https://www.dave-blake.com/photographer/2016/9/12/gold-coast-swimwear-photography","301"
"https://dave-blake.com/photographer/2016/9/12/swimwear-photography-byron-bay.html","https://www.dave-blake.com/photographer/2016/9/12/swimwear-photography-byron-bay","301"
"https://dave-blake.com/photographer/2016/9/12/swimwear-photography-gold-coast.html","https://www.dave-blake.com/photographer/2016/9/12/swimwear-photography-gold-coast","301"
"https://dave-blake.com/photographer/2017/10/5/model-portfolios-sydney.html","https://www.dave-blake.com/photographer/2017/10/5/model-portfolios-sydney","301"
"https://dave-blake.com/photographer/2017/10/5/sydney-model-portfolios.html","https://www.dave-blake.com/photographer/2017/10/5/sydney-model-portfolios","301"
"https://dave-blake.com/photographer/brisbane-fashion-photographer.html","https://www.dave-blake.com/photographer/brisbane-fashion-photographer","301"
"https://dave-blake.com/photographer/category/Editorial%20Guides.html","https://www.dave-blake.com/photographer","301"
"https://dave-blake.com/photographer/category/Editorial+Guides.html","https://www.dave-blake.com/photographer","301"
"https://dave-blake.com/photographer/category/Fashion%20Photography.html","https://www.dave-blake.com/photographer","301"
"https://dave-blake.com/photographer/category/Fashion+Photography.html","https://www.dave-blake.com/photographer","301"
"https://dave-blake.com/photographer/category/Fitness%20Lifestyle.html","https://www.dave-blake.com/photographer","301"
"https://dave-blake.com/photographer/category/Fitness+Lifestyle.html","https://www.dave-blake.com/photographer","301"
"https://dave-blake.com/photographer/category/Model%20Portfolios.html","https://www.dave-blake.com/photographer","301"
"https://dave-blake.com/photographer/category/Model+Portfolios.html","https://www.dave-blake.com/photographer","301"
"https://dave-blake.com/photographer/category/Swimwear%20Photography.html","https://www.dave-blake.com/photographer","301"
"https://dave-blake.com/photographer/category/Swimwear+Photography.html","https://www.dave-blake.com/photographer","301"
"https://dave-blake.com/photographer/health-fitness-lifestyle-brisbane-gold-coast-byron-bay.html","https://www.dave-blake.com/photographer/health-fitness-lifestyle-brisbane-gold-coast-byron-bay","301"
"https://dave-blake.com/photographer/swimwear-in-sydney.html","https://www.dave-blake.com/photographer/swimwear-in-sydney","301"
"https://dave-blake.com/photographer/swimwear-photography-brisbane.html","https://www.dave-blake.com/photographer/swimwear-photography-brisbane","301"
"https://dave-blake.com/photographer/swimwear-photography-sydney.html","https://www.dave-blake.com/photographer/swimwear-photography-sydney","301"
"https://dave-blake.com/photographer/sydney-swimwear-photography.html","https://www.dave-blake.com/photographer/sydney-swimwear-photography","301"
"https://dave-blake.com/photographer/tag/Brisbane+Fashion+Photographer.html","https://www.dave-blake.com/photographer","301"
"https://dave-blake.com/photographer/tag/Byron+Bay+Swimwear+Photography.html","https://www.dave-blake.com/photographer","301"
"https://dave-blake.com/photographer/tag/Byron+Bay+photographer.html","https://www.dave-blake.com/photographer","301"
"https://dave-blake.com/photographer/tag/Dave+Blake+Photography.html","https://www.dave-blake.com/photographer","301"
"https://dave-blake.com/photographer/tag/Editorial+Photography.html","https://www.dave-blake.com/photographer","301"
"https://dave-blake.com/photographer/tag/Fashion+Photographer+Gold+Coast.html","https://www.dave-blake.com/photographer","301"
"https://dave-blake.com/photographer/tag/Fashion+Photography+Gold+Coast.html","https://www.dave-blake.com/photographer","301"
"https://dave-blake.com/photographer/tag/Fitness+Lifestyle+Photography+Brisbane.html","https://www.dave-blake.com/photographer","301"
"https://dave-blake.com/photographer/tag/Fitness+Lifestyle+Photography+Byron+Bay.html","https://www.dave-blake.com/photographer","301"
"https://dave-blake.com/photographer/tag/Fitness+Lifestyle+Photography+Gold+Coast.html","https://www.dave-blake.com/photographer","301"
"https://dave-blake.com/photographer/tag/Fitness+Lifestyle+Photography+Sydney.html","https://www.dave-blake.com/photographer","301"
"https://dave-blake.com/photographer/tag/Gold+Coast+Fashion+Photographer.html","https://www.dave-blake.com/photographer","301"
"https://dave-blake.com/photographer/tag/Gold+Coast+Fashion+Photography.html","https://www.dave-blake.com/photographer","301"
"https://dave-blake.com/photographer/tag/Gold+Coast+Swimwear+Photographer.html","https://www.dave-blake.com/photographer","301"
"https://dave-blake.com/photographer/tag/Gold+Coast+Swimwear+photography.html","https://www.dave-blake.com/photographer","301"
"https://dave-blake.com/photographer/tag/Model+Portfolios+Sydney.html","https://www.dave-blake.com/photographer","301"
"https://dave-blake.com/photographer/tag/Swimwear+photographer+Gold+Coast.html","https://www.dave-blake.com/photographer","301"
"https://dave-blake.com/photographer/tag/Swimwear+photography+Brisbane.html","https://www.dave-blake.com/photographer","301"
"https://dave-blake.com/photographer/tag/Swimwear+photography+Byron+Bay.html","https://www.dave-blake.com/photographer","301"
"https://dave-blake.com/photographer/tag/Swimwear+photography+Gold+Coast.html","https://www.dave-blake.com/photographer","301"
"https://dave-blake.com/photographer/tag/Swimwear+photography+Sydney.html","https://www.dave-blake.com/photographer","301"
"https://dave-blake.com/photographer/tag/Sydney+Model+Portfolios.html","https://www.dave-blake.com/photographer","301"
"https://dave-blake.com/photographer/tag/Sydney+Swimwear+Photographer.html","https://www.dave-blake.com/photographer","301"
"https://dave-blake.com/photographer/tag/beauty+photography.html","https://www.dave-blake.com/photographer","301"
"https://dave-blake.com/photographer/tag/lifestyle+photography.html","https://www.dave-blake.com/photographer","301"
"https://dave-blake.com/photographer/tag/model+portfolio.html","https://www.dave-blake.com/photographer","301"
"https://dave-blake.com/photographer/tag/private+portraits.html","https://www.dave-blake.com/photographer","301"
"https://dave-blake.com/photographer/tag/storytelling+imagery.html","https://www.dave-blake.com/photographer","301"
"https://dave-blake.com/photographer/tag/swimwear+photography.html","https://www.dave-blake.com/photographer","301"
"https://dave-blake.com/photographer?format=rss.rss","https://www.dave-blake.com/photographer","301"
"https://dave-blake.com/photography/commercial","https://www.dave-blake.com/services","301"
"https://dave-blake.com/photography/fashion-week","https://www.dave-blake.com/story","301"
"https://dave-blake.com/portfolio/beauty.html","https://www.dave-blake.com/portfolio/beauty","301"
"https://dave-blake.com/portfolio/fashion.html","https://www.dave-blake.com/portfolio/fashion","301"
"https://dave-blake.com/portfolio/motion.html","https://www.dave-blake.com/portfolio/motion","301"
"https://dave-blake.com/portfolio/swimwear.html","https://www.dave-blake.com/portfolio/swimwear","301"
"https://dave-blake.com/services.html","https://www.dave-blake.com/services","301"
"https://dave-blake.com/services/beauty.html","https://www.dave-blake.com/services/beauty","301"
"https://dave-blake.com/services/fashion.html","https://www.dave-blake.com/services/fashion","301"
"https://dave-blake.com/services/model-portfolios.html","https://www.dave-blake.com/services/model-portfolios","301"
"https://dave-blake.com/services/model-portfolios/brisbane.html","https://www.dave-blake.com/services/model-portfolios/brisbane","301"
"https://dave-blake.com/services/model-portfolios/byron-bay.html","https://www.dave-blake.com/services/model-portfolios/byron-bay","301"
"https://dave-blake.com/services/model-portfolios/category/Australia.html","https://www.dave-blake.com/services/model-portfolios","301"
"https://dave-blake.com/services/model-portfolios/category/Brisbane.html","https://www.dave-blake.com/services/model-portfolios","301"
"https://dave-blake.com/services/model-portfolios/category/Byron%20Bay.html","https://www.dave-blake.com/services/model-portfolios","301"
"https://dave-blake.com/services/model-portfolios/category/Byron+Bay.html","https://www.dave-blake.com/services/model-portfolios","301"
"https://dave-blake.com/services/model-portfolios/category/Sydney.html","https://www.dave-blake.com/services/model-portfolios","301"
"https://dave-blake.com/services/model-portfolios/sydney.html","https://www.dave-blake.com/services/model-portfolios/sydney","301"
"https://dave-blake.com/services/model-portfolios/tag/Australia.html","https://www.dave-blake.com/services/model-portfolios","301"
"https://dave-blake.com/services/model-portfolios/tag/Brisbane.html","https://www.dave-blake.com/services/model-portfolios","301"
"https://dave-blake.com/services/model-portfolios/tag/Byron+Bay.html","https://www.dave-blake.com/services/model-portfolios","301"
"https://dave-blake.com/services/model-portfolios/tag/Model+Portfolio+Photographer.html","https://www.dave-blake.com/services/model-portfolios","301"
"https://dave-blake.com/services/model-portfolios/tag/Model+Portfolio+Photography+Byron+Bay.html","https://www.dave-blake.com/services/model-portfolios","301"
"https://dave-blake.com/services/model-portfolios/tag/Model+Test+Photographer.html","https://www.dave-blake.com/services/model-portfolios","301"
"https://dave-blake.com/services/model-portfolios/tag/Sydney.html","https://www.dave-blake.com/services/model-portfolios","301"
"https://dave-blake.com/services/model-portfolios?format=rss.rss","https://www.dave-blake.com/","301"
"https://dave-blake.com/services/swimwear.html","https://www.dave-blake.com/services/swimwear","301"
"https://dave-blake.com/story.html","https://www.dave-blake.com/story","301"
"https://dave-blake.com/story/-antics-march-april-2016-newsletter-is-out.html","https://www.dave-blake.com/story/-antics-march-april-2016-newsletter-is-out","301"
"https://dave-blake.com/story/-kirsten-clemens-7up-fun.html","https://www.dave-blake.com/story/-kirsten-clemens-7up-fun","301"
"https://dave-blake.com/story/2016/10/31/interview-with-millicent-lambert.html","https://www.dave-blake.com/story/2016/10/31/interview-with-millicent-lambert","301"
"https://dave-blake.com/story/2016/10/31/monika-clarke-cape-capri-campaign-ss16.html","https://www.dave-blake.com/story/2016/10/31/monika-clarke-cape-capri-campaign-ss16","301"
"https://dave-blake.com/story/2016/12/13/my-chat-with-model-ellina-fattakhova.html","https://www.dave-blake.com/story/2016/12/13/my-chat-with-model-ellina-fattakhova","301"
"https://dave-blake.com/story/2016/12/3/my-chat-with-millicent-lambert.html","https://www.dave-blake.com/story/2016/12/3/my-chat-with-millicent-lambert","301"
"https://dave-blake.com/story/2016/12/7/bts-video-for-onebyone-campaign.html","https://www.dave-blake.com/story/2016/12/7/bts-video-for-onebyone-campaign","301"
"https://dave-blake.com/story/2016/6/20/-kirsten-clemens-left-hand-free-video.html","https://www.dave-blake.com/story/2016/6/20/-kirsten-clemens-left-hand-free-video","301"
"https://dave-blake.com/story/2016/6/20/sapphire-degoede-model-dale-dorning.html","https://www.dave-blake.com/story/2016/6/20/sapphire-degoede-model-dale-dorning","301"
"https://dave-blake.com/story/2016/6/24/antics-may-june-2016-newsletter-is-out.html","https://www.dave-blake.com/story/2016/6/24/antics-may-june-2016-newsletter-is-out","301"
"https://dave-blake.com/story/2016/9/10/something-borrowed-something-blue.html","https://www.dave-blake.com/story/2016/9/10/something-borrowed-something-blue","301"
"https://dave-blake.com/story/2017/10/31/poolside-with-egith-van-dinther.html","https://www.dave-blake.com/story/2017/10/31/poolside-with-egith-van-dinther","301"
"https://dave-blake.com/story/2017/11/8/annie-ericson-pools-of-blue.html","https://www.dave-blake.com/story/2017/11/8/annie-ericson-pools-of-blue","301"
"https://dave-blake.com/story/2017/12/19/swimwear-galore-17-iwillembracesummer-campaign.html","https://www.dave-blake.com/story/2017/12/19/swimwear-galore-17-iwillembracesummer-campaign","301"
"https://dave-blake.com/story/2017/2/15/ruby-yaya-campaign-17.html","https://www.dave-blake.com/story/2017/2/15/ruby-yaya-campaign-17","301"
"https://dave-blake.com/story/2017/2/21/susie-collins.html","https://www.dave-blake.com/story/2017/2/21/susie-collins","301"
"https://dave-blake.com/story/2017/2/27/m1aw86n0ot90ifd63dy202bqr8j3up.html","https://www.dave-blake.com/story/2017/2/27/m1aw86n0ot90ifd63dy202bqr8j3up","301"
"https://dave-blake.com/story/2017/2/27/onebyone-clothing-campaign-16.html","https://www.dave-blake.com/story/2017/2/27/onebyone-clothing-campaign-16","301"
"https://dave-blake.com/story/2017/2/27/schiesser.html","https://www.dave-blake.com/story/2017/2/27/schiesser","301"
"https://dave-blake.com/story/2017/2/28/gymshark-womens-robin-gallant.html","https://www.dave-blake.com/story/2017/2/28/gymshark-womens-robin-gallant","301"
"https://dave-blake.com/story/2017/3/10/isabelle.html","https://www.dave-blake.com/story/2017/3/10/isabelle","301"
"https://dave-blake.com/story/2017/3/17/dani-stevens.html","https://www.dave-blake.com/story/2017/3/17/dani-stevens","301"
"https://dave-blake.com/story/2017/3/17/miilk-swimwear.html","https://www.dave-blake.com/story/2017/3/17/miilk-swimwear","301"
"https://dave-blake.com/story/2017/4/27/sport-l-moda.html","https://www.dave-blake.com/story/2017/4/27/sport-l-moda","301"
"https://dave-blake.com/story/2017/4/4/embellished-kaftans.html","https://www.dave-blake.com/story/2017/4/4/embellished-kaftans","301"
"https://dave-blake.com/story/2017/5/10/clean-living-co.html","https://www.dave-blake.com/story/2017/5/10/clean-living-co","301"
"https://dave-blake.com/story/2017/5/21/annabella-barber-street-style-mbfwa17.html","https://www.dave-blake.com/story/2017/5/21/annabella-barber-street-style-mbfwa17","301"
"https://dave-blake.com/story/2017/5/29/fashion-week-virgin-mbfwa-2017.html","https://www.dave-blake.com/story/2017/5/29/fashion-week-virgin-mbfwa-2017","301"
"https://dave-blake.com/story/2017/7/10/georgia-jones.html","https://www.dave-blake.com/story/2017/7/10/georgia-jones","301"
"https://dave-blake.com/story/2017/7/12/ruby-yaya-campaign-ss17.html","https://www.dave-blake.com/story/2017/7/12/ruby-yaya-campaign-ss17","301"
"https://dave-blake.com/story/2017/7/19/adidas-ultraboost-x-campaign.html","https://www.dave-blake.com/story/2017/7/19/adidas-ultraboost-x-campaign","301"
"https://dave-blake.com/story/2017/8/16/della-notte.html","https://www.dave-blake.com/story/2017/8/16/della-notte","301"
"https://dave-blake.com/story/2017/8/17/miami-swim-17-wrap.html","https://www.dave-blake.com/story/2017/8/17/miami-swim-17-wrap","301"
"https://dave-blake.com/story/2017/8/30/bella-rouge.html","https://www.dave-blake.com/story/2017/8/30/bella-rouge","301"
"https://dave-blake.com/story/2017/9/13/mollye-rogel.html","https://www.dave-blake.com/story/2017/9/13/mollye-rogel","301"
"https://dave-blake.com/story/2017/9/22/lacey-nelson.html","https://www.dave-blake.com/story/2017/9/22/lacey-nelson","301"
"https://dave-blake.com/story/2017/9/24/ana-kondratjeva.html","https://www.dave-blake.com/story/2017/9/24/ana-kondratjeva","301"
"https://dave-blake.com/story/2017/9/27/julia-newbery.html","https://www.dave-blake.com/story/2017/9/27/julia-newbery","301"
"https://dave-blake.com/story/2017/9/27/nikki-crerar-mkaz4.html","https://www.dave-blake.com/story/2017/9/27/nikki-crerar-mkaz4","301"
"https://dave-blake.com/story/2017/9/5/beth-hurrell.html","https://www.dave-blake.com/story/2017/9/5/beth-hurrell","301"
"https://dave-blake.com/story/2018/10/15/polo-los-loosa.html","https://www.dave-blake.com/story/2018/10/15/polo-los-loosa","301"
"https://dave-blake.com/story/2018/2/2/ruby-yaya-18.html","https://www.dave-blake.com/story/2018/2/2/ruby-yaya-18","301"
"https://dave-blake.com/story/2018/3/22/kate.html","https://www.dave-blake.com/story/2018/3/22/kate","301"
"https://dave-blake.com/story/2018/3/22/zemira-whitehead.html","https://www.dave-blake.com/story/2018/3/22/zemira-whitehead","301"
"https://dave-blake.com/story/2018/4/9/girl-friday.html","https://www.dave-blake.com/story/2018/4/9/girl-friday","301"
"https://dave-blake.com/story/2018/5/26/camilla-marc-resort-2019-backstage-beauty-georgia-fowler-charlee-fraser.html","https://www.dave-blake.com/story/2018/5/26/camilla-marc-resort-2019-backstage-beauty-georgia-fowler-charlee-fraser","301"
"https://dave-blake.com/story/2018/5/31/lee-mathews-resort-2019-backstage-beauty-isabel-lucas.html","https://www.dave-blake.com/story/2018/5/31/lee-mathews-resort-2019-backstage-beauty-isabel-lucas","301"
"https://dave-blake.com/story/2018/5/8/a-waking-angel-kate.html","https://www.dave-blake.com/story/2018/5/8/a-waking-angel-kate","301"
"https://dave-blake.com/story/2018/5/9/elixir-of-youth.html","https://www.dave-blake.com/story/2018/5/9/elixir-of-youth","301"
"https://dave-blake.com/story/2018/6/10/zi-life-swimwear-campaign-byron-bay-jodi-lee.html","https://www.dave-blake.com/story/2018/6/10/zi-life-swimwear-campaign-byron-bay-jodi-lee","301"
"https://dave-blake.com/story/2018/6/11/on-island-time-miluniel.html","https://www.dave-blake.com/story/2018/6/11/on-island-time-miluniel","301"
"https://dave-blake.com/story/2018/6/14/bimby-and-roy-aw18-campaign.html","https://www.dave-blake.com/story/2018/6/14/bimby-and-roy-aw18-campaign","301"
"https://dave-blake.com/story/2018/6/22/thomas-puttick-resort-19.html","https://www.dave-blake.com/story/2018/6/22/thomas-puttick-resort-19","301"
"https://dave-blake.com/story/2018/6/5/ehlana-raw.html","https://www.dave-blake.com/story/2018/6/5/ehlana-raw","301"
"https://dave-blake.com/story/2018/6/5/karla-bodycote.html","https://www.dave-blake.com/story/2018/6/5/karla-bodycote","301"
"https://dave-blake.com/story/2018/7/11/flora-bella-18.html","https://www.dave-blake.com/story/2018/7/11/flora-bella-18","301"
"https://dave-blake.com/story/2018/8/30/summer-is-calling-elle-mcnamara.html","https://www.dave-blake.com/story/2018/8/30/summer-is-calling-elle-mcnamara","301"
"https://dave-blake.com/story/2018/8/8/kane-anderson.html","https://www.dave-blake.com/story/2018/8/8/kane-anderson","301"
"https://dave-blake.com/story/2018/charlotte-coqueline-img-sydney.html","https://www.dave-blake.com/story/2018/charlotte-coqueline-img-sydney","301"
"https://dave-blake.com/story/2018/itty-bitty-barbershop-for-imirage-magazine.html","https://www.dave-blake.com/story/2018/itty-bitty-barbershop-for-imirage-magazine","301"
"https://dave-blake.com/story/2018/nikon-water-housing-portrait-taya-brooks.html","https://www.dave-blake.com/story/2018/nikon-water-housing-portrait-taya-brooks","301"
"https://dave-blake.com/story/2018/ruby-yaya-fashion-villa-rustica.html","https://www.dave-blake.com/story/2018/ruby-yaya-fashion-villa-rustica","301"
"https://dave-blake.com/story/2019/alys-hale-model-writer.html","https://www.dave-blake.com/story/2019/alys-hale-model-writer","301"
"https://dave-blake.com/story/2020/podcast-interview-with-chaye-hartwell.html","https://www.dave-blake.com/story/2020/podcast-interview-with-chaye-hartwell","301"
"https://dave-blake.com/story/aafw22-x-grittypretty-x-redken.html","https://www.dave-blake.com/story/aafw22-x-grittypretty-x-redken","301"
"https://dave-blake.com/story/abbey-maher-viviens-balistarz-lifes-a-beach.html","https://www.dave-blake.com/story/abbey-maher-viviens-balistarz-lifes-a-beach","301"
"https://dave-blake.com/story/abigail-oneill-beauty.html","https://www.dave-blake.com/story/abigail-oneill-beauty","301"
"https://dave-blake.com/story/aje-mothers-day-edit-2022.html","https://www.dave-blake.com/story/aje-mothers-day-edit-2022","301"
"https://dave-blake.com/story/andean-collective-byron-bay-ss20.html","https://www.dave-blake.com/story/andean-collective-byron-bay-ss20","301"
"https://dave-blake.com/story/andy-kovszun-stitchandhide21.html","https://www.dave-blake.com/story/andy-kovszun-stitchandhide21","301"
"https://dave-blake.com/story/anouk-daddo-img-models-beauty.html","https://www.dave-blake.com/story/anouk-daddo-img-models-beauty","301"
"https://dave-blake.com/story/audrey-bradford-imd-inc-mavrick-agency-chasing-waterfalls.html","https://www.dave-blake.com/story/audrey-bradford-imd-inc-mavrick-agency-chasing-waterfalls","301"
"https://dave-blake.com/story/audrey-bradford.html","https://www.dave-blake.com/story/audrey-bradford","301"
"https://dave-blake.com/story/barungas-next-top-model-2025.html","https://www.dave-blake.com/story/barungas-next-top-model-2025","301"
"https://dave-blake.com/story/caroline-low-img-models-beauty.html","https://www.dave-blake.com/story/caroline-low-img-models-beauty","301"
"https://dave-blake.com/story/caroline-lowe-img-models-beauty-gold-eyeshadow.html","https://www.dave-blake.com/story/caroline-lowe-img-models-beauty-gold-eyeshadow","301"
"https://dave-blake.com/story/category/@daveblakephoto.html","https://www.dave-blake.com/story","301"
"https://dave-blake.com/story/category/Advertising.html","https://www.dave-blake.com/story","301"
"https://dave-blake.com/story/category/Article.html","https://www.dave-blake.com/story","301"
"https://dave-blake.com/story/category/Beauty.html","https://www.dave-blake.com/story","301"
"https://dave-blake.com/story/category/Behind%20The%20Scenes.html","https://www.dave-blake.com/story","301"
"https://dave-blake.com/story/category/Behind+The+Scenes.html","https://www.dave-blake.com/story","301"
"https://dave-blake.com/story/category/Body.html","https://www.dave-blake.com/story","301"
"https://dave-blake.com/story/category/Bridal.html","https://www.dave-blake.com/story","301"
"https://dave-blake.com/story/category/Campaign.html","https://www.dave-blake.com/story","301"
"https://dave-blake.com/story/category/Commercial.html","https://www.dave-blake.com/story","301"
"https://dave-blake.com/story/category/Commissions.html","https://www.dave-blake.com/story","301"
"https://dave-blake.com/story/category/Editorial.html","https://www.dave-blake.com/story","301"
"https://dave-blake.com/story/category/Fashion%20Week.html","https://www.dave-blake.com/story","301"
"https://dave-blake.com/story/category/Fashion+Week.html","https://www.dave-blake.com/story","301"
"https://dave-blake.com/story/category/Fashion.html","https://www.dave-blake.com/story","301"
"https://dave-blake.com/story/category/Indoor.html","https://www.dave-blake.com/story","301"
"https://dave-blake.com/story/category/Lifestyle.html","https://www.dave-blake.com/story","301"
"https://dave-blake.com/story/category/Lookbook.html","https://www.dave-blake.com/story","301"
"https://dave-blake.com/story/category/Model%20Interviews.html","https://www.dave-blake.com/story","301"
"https://dave-blake.com/story/category/Model+Interviews.html","https://www.dave-blake.com/story","301"
"https://dave-blake.com/story/category/Models.html","https://www.dave-blake.com/story","301"
"https://dave-blake.com/story/category/Newsletter.html","https://www.dave-blake.com/story","301"
"https://dave-blake.com/story/category/Outdoor.html","https://www.dave-blake.com/story","301"
"https://dave-blake.com/story/category/Personal%20Work.html","https://www.dave-blake.com/story","301"
"https://dave-blake.com/story/category/Personal+Work.html","https://www.dave-blake.com/story","301"
"https://dave-blake.com/story/category/Podcast.html","https://www.dave-blake.com/story","301"
"https://dave-blake.com/story/category/Portrait.html","https://www.dave-blake.com/story","301"
"https://dave-blake.com/story/category/Press%20Kit.html","https://www.dave-blake.com/story","301"
"https://dave-blake.com/story/category/Press+Kit.html","https://www.dave-blake.com/story","301"
"https://dave-blake.com/story/category/Street%20Style.html","https://www.dave-blake.com/story","301"
"https://dave-blake.com/story/category/Street+Style.html","https://www.dave-blake.com/story","301"
"https://dave-blake.com/story/category/Swim.html","https://www.dave-blake.com/story","301"
"https://dave-blake.com/story/category/Swimwear.html","https://www.dave-blake.com/story","301"
"https://dave-blake.com/story/category/Sydney%20Fashion%20Week.html","https://www.dave-blake.com/story","301"
"https://dave-blake.com/story/category/Sydney+Fashion+Week.html","https://www.dave-blake.com/story","301"
"https://dave-blake.com/story/category/video.html","https://www.dave-blake.com/story","301"
"https://dave-blake.com/story/charlotte-she-does-as-she-pleases.html","https://www.dave-blake.com/story/charlotte-she-does-as-she-pleases","301"
"https://dave-blake.com/story/chaye-unfolding.html","https://www.dave-blake.com/story/chaye-unfolding","301"
"https://dave-blake.com/story/coach-micro-mini-anna-feller.html","https://www.dave-blake.com/story/coach-micro-mini-anna-feller","301"
"https://dave-blake.com/story/commissioned/sand-and-sky.html","https://www.dave-blake.com/story/commissioned/sand-and-sky","301"
"https://dave-blake.com/story/commissions/tagheuer-advertorial-dont-crack-under-pressure-in-augustman-magazine.html","https://www.dave-blake.com/story/commissions/tagheuer-advertorial-dont-crack-under-pressure-in-augustman-magazine","301"
"https://dave-blake.com/story/craig-ruddy-artist.html","https://www.dave-blake.com/story/craig-ruddy-artist","301"
"https://dave-blake.com/story/enzo-and-toto-aw19-abigail-oneill-deux-belettes.html","https://www.dave-blake.com/story/enzo-and-toto-aw19-abigail-oneill-deux-belettes","301"
"https://dave-blake.com/story/facesoffashionweek/nyfw-19.html","https://www.dave-blake.com/story/facesoffashionweek/nyfw-19","301"
"https://dave-blake.com/story/fishermans-friend-beauty-editorial.html","https://www.dave-blake.com/story/fishermans-friend-beauty-editorial","301"
"https://dave-blake.com/story/isadora-vieira-beauty.html","https://www.dave-blake.com/story/isadora-vieira-beauty","301"
"https://dave-blake.com/story/jordie-shennan-model-video.html","https://www.dave-blake.com/story/jordie-shennan-model-video","301"
"https://dave-blake.com/story/kirsten-clemens-model-video-showreel.html","https://www.dave-blake.com/story/kirsten-clemens-model-video-showreel","301"
"https://dave-blake.com/story/marvell-lane-swim-laura-wells-c18.html","https://www.dave-blake.com/story/marvell-lane-swim-laura-wells-c18","301"
"https://dave-blake.com/story/michelle-bagarra-model-beach-video-062020.html","https://www.dave-blake.com/story/michelle-bagarra-model-beach-video-062020","301"
"https://dave-blake.com/story/personal/35mm-kodak-ektachrome-e100-cross-processed-nikon-f100-70-200-28-f4.html","https://www.dave-blake.com/story/personal/35mm-kodak-ektachrome-e100-cross-processed-nikon-f100-70-200-28-f4","301"
"https://dave-blake.com/story/personal/barbara-di-creddo-img-new-york.html","https://www.dave-blake.com/story/personal/barbara-di-creddo-img-new-york","301"
"https://dave-blake.com/story/personal/michelle-bagarra-quantum-jumping.html","https://www.dave-blake.com/story/personal/michelle-bagarra-quantum-jumping","301"
"https://dave-blake.com/story/personal/run-rabbit-run-beauty-loli-watson.html","https://www.dave-blake.com/story/personal/run-rabbit-run-beauty-loli-watson","301"
"https://dave-blake.com/story/postcards-from-paradise.html","https://www.dave-blake.com/story/postcards-from-paradise","301"
"https://dave-blake.com/story/tag/Activewear.html","https://www.dave-blake.com/story","301"
"https://dave-blake.com/story/tag/Australian+fashion.html","https://www.dave-blake.com/story","301"
"https://dave-blake.com/story/tag/Barunga+Festival.html","https://www.dave-blake.com/story","301"
"https://dave-blake.com/story/tag/Beauty.html","https://www.dave-blake.com/story","301"
"https://dave-blake.com/story/tag/Beth+Hurrell.html","https://www.dave-blake.com/story","301"
"https://dave-blake.com/story/tag/Byron+Bay.html","https://www.dave-blake.com/story","301"
"https://dave-blake.com/story/tag/Campaign+Edge+Sprout.html","https://www.dave-blake.com/story","301"
"https://dave-blake.com/story/tag/Campaign.html","https://www.dave-blake.com/story","301"
"https://dave-blake.com/story/tag/Caroline+Lowe.html","https://www.dave-blake.com/story","301"
"https://dave-blake.com/story/tag/Charlee+Fraser.html","https://www.dave-blake.com/story","301"
"https://dave-blake.com/story/tag/Charlotte+Coqueline.html","https://www.dave-blake.com/story","301"
"https://dave-blake.com/story/tag/Chiara+Dorward.html","https://www.dave-blake.com/story","301"
"https://dave-blake.com/story/tag/Chloe.html","https://www.dave-blake.com/story","301"
"https://dave-blake.com/story/tag/Commercial.html","https://www.dave-blake.com/story","301"
"https://dave-blake.com/story/tag/Community+collaboration.html","https://www.dave-blake.com/story","301"
"https://dave-blake.com/story/tag/Craig+Ruddy+Artist.html","https://www.dave-blake.com/story","301"
"https://dave-blake.com/story/tag/Dani+Stevens.html","https://www.dave-blake.com/story","301"
"https://dave-blake.com/story/tag/Dave+Blake.html","https://www.dave-blake.com/story","301"
"https://dave-blake.com/story/tag/Editorial+photography.html","https://www.dave-blake.com/story","301"
"https://dave-blake.com/story/tag/Editorial.html","https://www.dave-blake.com/story","301"
"https://dave-blake.com/story/tag/Egith+van+Dinther.html","https://www.dave-blake.com/story","301"
"https://dave-blake.com/story/tag/Emma+Chen.html","https://www.dave-blake.com/story","301"
"https://dave-blake.com/story/tag/Fashion+Editorial.html","https://www.dave-blake.com/story","301"
"https://dave-blake.com/story/tag/Fashion+Week.html","https://www.dave-blake.com/story","301"
"https://dave-blake.com/story/tag/Fashion+storytelling.html","https://www.dave-blake.com/story","301"
"https://dave-blake.com/story/tag/First+Nations+fashion.html","https://www.dave-blake.com/story","301"
"https://dave-blake.com/story/tag/Georgia+Fowler.html","https://www.dave-blake.com/story","301"
"https://dave-blake.com/story/tag/Georgia+Jones.html","https://www.dave-blake.com/story","301"
"https://dave-blake.com/story/tag/IMG+Models.html","https://www.dave-blake.com/story","301"
"https://dave-blake.com/story/tag/Indigenous+Australia.html","https://www.dave-blake.com/story","301"
"https://dave-blake.com/story/tag/Isabel+Lucas.html","https://www.dave-blake.com/story","301"
"https://dave-blake.com/story/tag/Isabelle+van+der+Tuin.html","https://www.dave-blake.com/story","301"
"https://dave-blake.com/story/tag/Jayde+Stella.html","https://www.dave-blake.com/story","301"
"https://dave-blake.com/story/tag/Julia+Durham.html","https://www.dave-blake.com/story","301"
"https://dave-blake.com/story/tag/Julia+Newbery.html","https://www.dave-blake.com/story","301"
"https://dave-blake.com/story/tag/Lacey+Nelson.html","https://www.dave-blake.com/story","301"
"https://dave-blake.com/story/tag/Lazy+Suzan.html","https://www.dave-blake.com/story","301"
"https://dave-blake.com/story/tag/Lee+Mathews.html","https://www.dave-blake.com/story","301"
"https://dave-blake.com/story/tag/Lilli+Tronc-Robinson.html","https://www.dave-blake.com/story","301"
"https://dave-blake.com/story/tag/MBFW17.html","https://www.dave-blake.com/story","301"
"https://dave-blake.com/story/tag/MBFWA.html","https://www.dave-blake.com/story","301"
"https://dave-blake.com/story/tag/MBFWA17.html","https://www.dave-blake.com/story","301"
"https://dave-blake.com/story/tag/MBFWA18.html","https://www.dave-blake.com/story","301"
"https://dave-blake.com/story/tag/Mel+Oldenberg.html","https://www.dave-blake.com/story","301"
"https://dave-blake.com/story/tag/Mercedes+Benz+Fashion+Week+Australia.html","https://www.dave-blake.com/story","301"
"https://dave-blake.com/story/tag/Miami+Beach.html","https://www.dave-blake.com/story","301"
"https://dave-blake.com/story/tag/Miami+Swim.html","https://www.dave-blake.com/story","301"
"https://dave-blake.com/story/tag/Model+Test.html","https://www.dave-blake.com/story","301"
"https://dave-blake.com/story/tag/Model.html","https://www.dave-blake.com/story","301"
"https://dave-blake.com/story/tag/Mollye+Rogel.html","https://www.dave-blake.com/story","301"
"https://dave-blake.com/story/tag/NYFW.html","https://www.dave-blake.com/story","301"
"https://dave-blake.com/story/tag/Natalia+de+Martin.html","https://www.dave-blake.com/story","301"
"https://dave-blake.com/story/tag/New+York.html","https://www.dave-blake.com/story","301"
"https://dave-blake.com/story/tag/Nikki+Crerar.html","https://www.dave-blake.com/story","301"
"https://dave-blake.com/story/tag/Northern+Territory+photography.html","https://www.dave-blake.com/story","301"
"https://dave-blake.com/story/tag/Personal+Work.html","https://www.dave-blake.com/story","301"
"https://dave-blake.com/story/tag/Podcast.html","https://www.dave-blake.com/story","301"
"https://dave-blake.com/story/tag/Press+Kit.html","https://www.dave-blake.com/story","301"
"https://dave-blake.com/story/tag/Que+Models.html","https://www.dave-blake.com/story","301"
"https://dave-blake.com/story/tag/Resort.html","https://www.dave-blake.com/story","301"
"https://dave-blake.com/story/tag/Roberta+Pecoraro.html","https://www.dave-blake.com/story","301"
"https://dave-blake.com/story/tag/Ruby+Yaya.html","https://www.dave-blake.com/story","301"
"https://dave-blake.com/story/tag/Sami+Simper.html","https://www.dave-blake.com/story","301"
"https://dave-blake.com/story/tag/Scoop+Management.html","https://www.dave-blake.com/story","301"
"https://dave-blake.com/story/tag/Simone+Forte.html","https://www.dave-blake.com/story","301"
"https://dave-blake.com/story/tag/Social+Campaign.html","https://www.dave-blake.com/story","301"
"https://dave-blake.com/story/tag/Steph+Claire+Smith.html","https://www.dave-blake.com/story","301"
"https://dave-blake.com/story/tag/Steph+Rayner.html","https://www.dave-blake.com/story","301"
"https://dave-blake.com/story/tag/Studio.html","https://www.dave-blake.com/story","301"
"https://dave-blake.com/story/tag/Susie+Collins.html","https://www.dave-blake.com/story","301"
"https://dave-blake.com/story/tag/Sydney.html","https://www.dave-blake.com/story","301"
"https://dave-blake.com/story/tag/TagHeuer.html","https://www.dave-blake.com/story","301"
"https://dave-blake.com/story/tag/Underwear.html","https://www.dave-blake.com/story","301"
"https://dave-blake.com/story/tag/Valentina+Pintus.html","https://www.dave-blake.com/story","301"
"https://dave-blake.com/story/tag/Villa+Rustica.html","https://www.dave-blake.com/story","301"
"https://dave-blake.com/story/tag/Wilhelmina+NY.html","https://www.dave-blake.com/story","301"
"https://dave-blake.com/story/tag/Womens+Fashion.html","https://www.dave-blake.com/story","301"
"https://dave-blake.com/story/tag/Youth+empowerment.html","https://www.dave-blake.com/story","301"
"https://dave-blake.com/story/tag/advertising.html","https://www.dave-blake.com/story","301"
"https://dave-blake.com/story/tag/behind+the+scenes.html","https://www.dave-blake.com/story","301"
"https://dave-blake.com/story/tag/jordie+shennan.html","https://www.dave-blake.com/story","301"
"https://dave-blake.com/story/tag/law+of+attraction.html","https://www.dave-blake.com/story","301"
"https://dave-blake.com/story/tag/millicent+lambert.html","https://www.dave-blake.com/story","301"
"https://dave-blake.com/story/tag/monika+clarke.html","https://www.dave-blake.com/story","301"
"https://dave-blake.com/story/tag/newsletter-2015-december.html","https://www.dave-blake.com/story","301"
"https://dave-blake.com/story/tag/newsletter-2016-february.html","https://www.dave-blake.com/story","301"
"https://dave-blake.com/story/tag/newsletter-2016-june.html","https://www.dave-blake.com/story","301"
"https://dave-blake.com/story/tag/silka+kurzak.html","https://www.dave-blake.com/story","301"
"https://dave-blake.com/story/tag/swimwear.html","https://www.dave-blake.com/story","301"
"https://dave-blake.com/story/tag/video.html","https://www.dave-blake.com/story","301"
"https://dave-blake.com/story/tag/viviens+models.html","https://www.dave-blake.com/story","301"
"https://dave-blake.com/story/tania-olsen-designs-2020-charlie-robertson-katie-kugis-deux-belettes.html","https://www.dave-blake.com/story/tania-olsen-designs-2020-charlie-robertson-katie-kugis-deux-belettes","301"
"https://dave-blake.com/story/tenacity-talent-and-shooting-what-you-love-my-three-year-vision.html","https://www.dave-blake.com/story/tenacity-talent-and-shooting-what-you-love-my-three-year-vision","301"
"https://dave-blake.com/story?format=rss.rss","https://www.dave-blake.com/story","301"
"https://dave-blake.com/story?offset=1466398729674&category=Personal+Work.html","https://www.dave-blake.com/story","301"
"https://dave-blake.com/story?offset=1477885777417.html","https://www.dave-blake.com/story","301"
"https://dave-blake.com/story?offset=1481099049080&category=Campaign.html","https://www.dave-blake.com/story","301"
"https://dave-blake.com/story?offset=1500432589338&category=Commercial.html","https://www.dave-blake.com/story","301"
"https://dave-blake.com/story?offset=1502884445534&category=Fashion.html","https://www.dave-blake.com/story","301"
"https://dave-blake.com/story?offset=1502884445534.html","https://www.dave-blake.com/story","301"
"https://dave-blake.com/story?offset=1507025181895&category=Beauty.html","https://www.dave-blake.com/story","301"
"https://dave-blake.com/story?offset=1528078920801.html","https://www.dave-blake.com/story","301"
"https://dave-blake.com/story?offset=1529722005749&category=Personal+Work.html","https://www.dave-blake.com/story","301"
"https://dave-blake.com/story?offset=1554591133687.html","https://www.dave-blake.com/story","301"
"https://dave-blake.com/subscribe.html","https://www.dave-blake.com/subscribe","301"
"https://dave-blake.com/workshops/2021/07/professional-photography-course-building-your-fashion-beauty-portfolio-with-agency-models-3-months-8-students-online-or-byron-bay","https://www.dave-blake.com/photography-workshops","301"
"https://dave-blake.com/workshops/2021/10/professional-photography-course-building-your-fashion-beauty-portfolio-with-agency-models-3-months-8-students-online-or-byron-bay","https://www.dave-blake.com/photography-workshops","301"
"https://daveblake.com.au/","https://www.dave-blake.com/","301"
"https://daveblake.com.au/_downloads.html","https://www.dave-blake.com/_downloads","301"
"https://daveblake.com.au/blog.html","https://www.dave-blake.com/blog","301"
"https://daveblake.com.au/blog/category/Editorial%20Photography.html","https://www.dave-blake.com/blog","301"
"https://daveblake.com.au/blog/category/Editorial+Photography.html","https://www.dave-blake.com/blog","301"
"https://daveblake.com.au/blog/category/Industry%20Guides.html","https://www.dave-blake.com/blog","301"
"https://daveblake.com.au/blog/category/Industry+Guides.html","https://www.dave-blake.com/blog","301"
"https://daveblake.com.au/blog/category/Insights.html","https://www.dave-blake.com/blog","301"
"https://daveblake.com.au/blog/category/Model%20Resources.html","https://www.dave-blake.com/blog","301"
"https://daveblake.com.au/blog/category/Model+Resources.html","https://www.dave-blake.com/blog","301"
"https://daveblake.com.au/blog/category/Photography%20Guides.html","https://www.dave-blake.com/blog","301"
"https://daveblake.com.au/blog/category/Photography+Guides.html","https://www.dave-blake.com/blog","301"
"https://daveblake.com.au/blog/category/Portrait%20Photography.html","https://www.dave-blake.com/blog","301"
"https://daveblake.com.au/blog/category/Portrait+Photography.html","https://www.dave-blake.com/blog","301"
"https://daveblake.com.au/blog/how-to-start-modelling-in-brisbane-or-byron-bay-even-with-no-experience.html","https://www.dave-blake.com/blog/how-to-start-modelling-in-brisbane-or-byron-bay-even-with-no-experience","301"
"https://daveblake.com.au/blog/private-portrait-sessions-in-brisbane-byron-bay-sydney.html","https://www.dave-blake.com/blog/private-portrait-sessions-in-brisbane-byron-bay-sydney","301"
"https://daveblake.com.au/blog/tag/Brisbane+photographer.html","https://www.dave-blake.com/blog","301"
"https://daveblake.com.au/blog/tag/Brisbane.html","https://www.dave-blake.com/blog","301"
"https://daveblake.com.au/blog/tag/Byron+Bay+photographer.html","https://www.dave-blake.com/blog","301"
"https://daveblake.com.au/blog/tag/Byron+Bay.html","https://www.dave-blake.com/blog","301"
"https://daveblake.com.au/blog/tag/Sydney+photographer.html","https://www.dave-blake.com/blog","301"
"https://daveblake.com.au/blog/tag/agency+ready.html","https://www.dave-blake.com/blog","301"
"https://daveblake.com.au/blog/tag/art+nude+photography.html","https://www.dave-blake.com/blog","301"
"https://daveblake.com.au/blog/tag/becoming+a+model.html","https://www.dave-blake.com/blog","301"
"https://daveblake.com.au/blog/tag/bespoke+photography.html","https://www.dave-blake.com/blog","301"
"https://daveblake.com.au/blog/tag/boudoir+photography.html","https://www.dave-blake.com/blog","301"
"https://daveblake.com.au/blog/tag/brisbane+fashion+photographer.html","https://www.dave-blake.com/blog","301"
"https://daveblake.com.au/blog/tag/brisbane+model+agencies.html","https://www.dave-blake.com/blog","301"
"https://daveblake.com.au/blog/tag/concept+development.html","https://www.dave-blake.com/blog","301"
"https://daveblake.com.au/blog/tag/dave+blake+photography.html","https://www.dave-blake.com/blog","301"
"https://daveblake.com.au/blog/tag/editorial+photographer.html","https://www.dave-blake.com/blog","301"
"https://daveblake.com.au/blog/tag/editorial+portraiture.html","https://www.dave-blake.com/blog","301"
"https://daveblake.com.au/blog/tag/fashion+industry+advice.html","https://www.dave-blake.com/blog","301"
"https://daveblake.com.au/blog/tag/getting+signed+in+brisbane.html","https://www.dave-blake.com/blog","301"
"https://daveblake.com.au/blog/tag/headshots+for+models.html","https://www.dave-blake.com/blog","301"
"https://daveblake.com.au/blog/tag/how+to+get+signed.html","https://www.dave-blake.com/blog","301"
"https://daveblake.com.au/blog/tag/location+photography.html","https://www.dave-blake.com/blog","301"
"https://daveblake.com.au/blog/tag/model+folio+tips.html","https://www.dave-blake.com/blog","301"
"https://daveblake.com.au/blog/tag/model+portfolio+guide.html","https://www.dave-blake.com/blog","301"
"https://daveblake.com.au/blog/tag/model+tips+australia.html","https://www.dave-blake.com/blog","301"
"https://daveblake.com.au/blog/tag/natural+light+portraits.html","https://www.dave-blake.com/blog","301"
"https://daveblake.com.au/blog/tag/personal+branding+photography.html","https://www.dave-blake.com/blog","301"
"https://daveblake.com.au/blog/tag/portfolio+photographer.html","https://www.dave-blake.com/blog","301"
"https://daveblake.com.au/blog/tag/portrait+photography.html","https://www.dave-blake.com/blog","301"
"https://daveblake.com.au/blog/tag/premium+portraits.html","https://www.dave-blake.com/blog","301"
"https://daveblake.com.au/blog/tag/private+portrait+sessions.html","https://www.dave-blake.com/blog","301"
"https://daveblake.com.au/blog/tag/storytelling.html","https://www.dave-blake.com/blog","301"
"https://daveblake.com.au/blog/tag/studio+portrait+sessions.html","https://www.dave-blake.com/blog","301"
"https://daveblake.com.au/blog/tag/talent+direction.html","https://www.dave-blake.com/blog","301"
"https://daveblake.com.au/blog/tag/unsigned+models.html","https://www.dave-blake.com/blog","301"
"https://daveblake.com.au/blog/tag/visual+narratives.html","https://www.dave-blake.com/blog","301"
"https://daveblake.com.au/blog/top-modelling-agencies-brisbane-how-to-get-signed.html","https://www.dave-blake.com/blog/top-modelling-agencies-brisbane-how-to-get-signed","301"
"https://daveblake.com.au/blog/what-is-an-editorial-photographer.html","https://www.dave-blake.com/blog/what-is-an-editorial-photographer","301"
"https://daveblake.com.au/blog?format=rss.rss","https://www.dave-blake.com/blog","301"
"https://daveblake.com.au/buy/gift-card/photographer-mentoring-training-workshops/per-hour","https://www.dave-blake.com/gift-card/photographer-mentoring-gift-card-brisbane-byron-bay-or-remote","301"
"https://daveblake.com.au/contact.html","https://www.dave-blake.com/contact","301"
"https://daveblake.com.au/fashion-week-1/tag/Annabella+Barber","https://www.dave-blake.com/story","301"
"https://daveblake.com.au/fashion-week-1/tag/Jordan+Barrett","https://www.dave-blake.com/story","301"
"https://daveblake.com.au/gift-card.html","https://www.dave-blake.com/gift-card","301"
"https://daveblake.com.au/gift-card/model-portfolio-gift-card-brisbane-byron-bay-tmp.html","https://www.dave-blake.com/gift-card/model-portfolio-gift-card-brisbane-byron-bay-tmp","301"
"https://daveblake.com.au/gift-card/model-portfolio-gift-card-brisbane-byron-bay.html","https://www.dave-blake.com/gift-card/model-portfolio-gift-card-brisbane-byron-bay","301"
"https://daveblake.com.au/gift-card/photographer-mentoring-gift-card-brisbane-byron-bay-or-remote.html","https://www.dave-blake.com/gift-card/photographer-mentoring-gift-card-brisbane-byron-bay-or-remote","301"
"https://daveblake.com.au/gift-card?category=Gift+Cards.html","https://www.dave-blake.com/gift-card","301"
"https://daveblake.com.au/gift-card?category=Photographer+Mentoring.html","https://www.dave-blake.com/gift-card","301"
"https://daveblake.com.au/gift-cards.html","https://www.dave-blake.com/gift-cards","301"
"https://daveblake.com.au/gift-cards/headshot-gift-card-brisbane-byron-bay.html","https://www.dave-blake.com/gift-cards/headshot-gift-card-brisbane-byron-bay","301"
"https://daveblake.com.au/gift-cards/model-portfolio-gift-card-brisbane-byron-bay","https://www.dave-blake.com/gift-card/model-portfolio-gift-card-brisbane-byron-bay","301"
"https://daveblake.com.au/gift-cards?category=Actor%20Headshots.html","https://www.dave-blake.com/gift-cards","301"
"https://daveblake.com.au/gift-cards?category=Actor+Headshots.html","https://www.dave-blake.com/gift-cards","301"
"https://daveblake.com.au/gift-cards?category=Gift+Cards.html","https://www.dave-blake.com/gift-cards","301"
"https://daveblake.com.au/gift-cards?category=Model+Portfolio+Packages.html","https://www.dave-blake.com/gift-cards","301"
"https://daveblake.com.au/gosee/img/ellag","https://www.dave-blake.com/model-tests","301"
"https://daveblake.com.au/gosees","https://www.dave-blake.com/model-tests","301"
"https://daveblake.com.au/model-contact-form.html","https://www.dave-blake.com/model-contact-form","301"
"https://daveblake.com.au/model-test-shoots/brisbane.html","https://www.dave-blake.com/model-test-shoots/brisbane","301"
"https://daveblake.com.au/model-tests.html","https://www.dave-blake.com/model-tests","301"
"https://daveblake.com.au/packages/model-portfolio-photographer","https://www.dave-blake.com/services/model-portfolios","301"
"https://daveblake.com.au/photographer-in/byron-bay-for-model-portfolio-may-2020","https://www.dave-blake.com/services/model-portfolios/byron-bay","301"
"https://daveblake.com.au/photographer-in/miami-beach-for-swim-show-swim-week-2019","https://www.dave-blake.com/portfolio/swimwear","301"
"https://daveblake.com.au/photographer.html","https://www.dave-blake.com/photographer","301"
"https://daveblake.com.au/photographer/2016/10/13/gold-coast-fashion-photographer.html","https://www.dave-blake.com/photographer/2016/10/13/gold-coast-fashion-photographer","301"
"https://daveblake.com.au/photographer/2016/9/12/byron-bay-swimwear-photography.html","https://www.dave-blake.com/photographer/2016/9/12/byron-bay-swimwear-photography","301"
"https://daveblake.com.au/photographer/2016/9/12/gold-coast-swimwear-photography.html","https://www.dave-blake.com/photographer/2016/9/12/gold-coast-swimwear-photography","301"
"https://daveblake.com.au/photographer/2016/9/12/swimwear-photography-byron-bay.html","https://www.dave-blake.com/photographer/2016/9/12/swimwear-photography-byron-bay","301"
"https://daveblake.com.au/photographer/2016/9/12/swimwear-photography-gold-coast.html","https://www.dave-blake.com/photographer/2016/9/12/swimwear-photography-gold-coast","301"
"https://daveblake.com.au/photographer/2017/10/5/model-portfolios-sydney.html","https://www.dave-blake.com/photographer/2017/10/5/model-portfolios-sydney","301"
"https://daveblake.com.au/photographer/2017/10/5/sydney-model-portfolios.html","https://www.dave-blake.com/photographer/2017/10/5/sydney-model-portfolios","301"
"https://daveblake.com.au/photographer/brisbane-fashion-photographer.html","https://www.dave-blake.com/photographer/brisbane-fashion-photographer","301"
"https://daveblake.com.au/photographer/category/Editorial%20Guides.html","https://www.dave-blake.com/photographer","301"
"https://daveblake.com.au/photographer/category/Editorial+Guides.html","https://www.dave-blake.com/photographer","301"
"https://daveblake.com.au/photographer/category/Fashion%20Photography.html","https://www.dave-blake.com/photographer","301"
"https://daveblake.com.au/photographer/category/Fashion+Photography.html","https://www.dave-blake.com/photographer","301"
"https://daveblake.com.au/photographer/category/Fitness%20Lifestyle.html","https://www.dave-blake.com/photographer","301"
"https://daveblake.com.au/photographer/category/Fitness+Lifestyle.html","https://www.dave-blake.com/photographer","301"
"https://daveblake.com.au/photographer/category/Model%20Portfolios.html","https://www.dave-blake.com/photographer","301"
"https://daveblake.com.au/photographer/category/Model+Portfolios.html","https://www.dave-blake.com/photographer","301"
"https://daveblake.com.au/photographer/category/Swimwear%20Photography.html","https://www.dave-blake.com/photographer","301"
"https://daveblake.com.au/photographer/category/Swimwear+Photography.html","https://www.dave-blake.com/photographer","301"
"https://daveblake.com.au/photographer/health-fitness-lifestyle-brisbane-gold-coast-byron-bay.html","https://www.dave-blake.com/photographer/health-fitness-lifestyle-brisbane-gold-coast-byron-bay","301"
"https://daveblake.com.au/photographer/swimwear-in-sydney.html","https://www.dave-blake.com/photographer/swimwear-in-sydney","301"
"https://daveblake.com.au/photographer/swimwear-photography-brisbane.html","https://www.dave-blake.com/photographer/swimwear-photography-brisbane","301"
"https://daveblake.com.au/photographer/swimwear-photography-sydney.html","https://www.dave-blake.com/photographer/swimwear-photography-sydney","301"
"https://daveblake.com.au/photographer/sydney-swimwear-photography.html","https://www.dave-blake.com/photographer/sydney-swimwear-photography","301"
"https://daveblake.com.au/photographer/tag/Brisbane+Fashion+Photographer.html","https://www.dave-blake.com/photographer","301"
"https://daveblake.com.au/photographer/tag/Byron+Bay+Swimwear+Photography.html","https://www.dave-blake.com/photographer","301"
"https://daveblake.com.au/photographer/tag/Byron+Bay+photographer.html","https://www.dave-blake.com/photographer","301"
"https://daveblake.com.au/photographer/tag/Dave+Blake+Photography.html","https://www.dave-blake.com/photographer","301"
"https://daveblake.com.au/photographer/tag/Editorial+Photography.html","https://www.dave-blake.com/photographer","301"
"https://daveblake.com.au/photographer/tag/Fashion+Photographer+Gold+Coast.html","https://www.dave-blake.com/photographer","301"
"https://daveblake.com.au/photographer/tag/Fashion+Photography+Gold+Coast.html","https://www.dave-blake.com/photographer","301"
"https://daveblake.com.au/photographer/tag/Fitness+Lifestyle+Photography+Brisbane.html","https://www.dave-blake.com/photographer","301"
"https://daveblake.com.au/photographer/tag/Fitness+Lifestyle+Photography+Byron+Bay.html","https://www.dave-blake.com/photographer","301"
"https://daveblake.com.au/photographer/tag/Fitness+Lifestyle+Photography+Gold+Coast.html","https://www.dave-blake.com/photographer","301"
"https://daveblake.com.au/photographer/tag/Fitness+Lifestyle+Photography+Sydney.html","https://www.dave-blake.com/photographer","301"
"https://daveblake.com.au/photographer/tag/Gold+Coast+Fashion+Photographer.html","https://www.dave-blake.com/photographer","301"
"https://daveblake.com.au/photographer/tag/Gold+Coast+Fashion+Photography.html","https://www.dave-blake.com/photographer","301"
"https://daveblake.com.au/photographer/tag/Gold+Coast+Swimwear+Photographer.html","https://www.dave-blake.com/photographer","301"
"https://daveblake.com.au/photographer/tag/Gold+Coast+Swimwear+photography.html","https://www.dave-blake.com/photographer","301"
"https://daveblake.com.au/photographer/tag/Model+Portfolios+Sydney.html","https://www.dave-blake.com/photographer","301"
"https://daveblake.com.au/photographer/tag/Swimwear+photographer+Gold+Coast.html","https://www.dave-blake.com/photographer","301"
"https://daveblake.com.au/photographer/tag/Swimwear+photography+Brisbane.html","https://www.dave-blake.com/photographer","301"
"https://daveblake.com.au/photographer/tag/Swimwear+photography+Byron+Bay.html","https://www.dave-blake.com/photographer","301"
"https://daveblake.com.au/photographer/tag/Swimwear+photography+Gold+Coast.html","https://www.dave-blake.com/photographer","301"
"https://daveblake.com.au/photographer/tag/Swimwear+photography+Sydney.html","https://www.dave-blake.com/photographer","301"
"https://daveblake.com.au/photographer/tag/Sydney+Model+Portfolios.html","https://www.dave-blake.com/photographer","301"
"https://daveblake.com.au/photographer/tag/Sydney+Swimwear+Photographer.html","https://www.dave-blake.com/photographer","301"
"https://daveblake.com.au/photographer/tag/beauty+photography.html","https://www.dave-blake.com/photographer","301"
"https://daveblake.com.au/photographer/tag/lifestyle+photography.html","https://www.dave-blake.com/photographer","301"
"https://daveblake.com.au/photographer/tag/model+portfolio.html","https://www.dave-blake.com/photographer","301"
"https://daveblake.com.au/photographer/tag/private+portraits.html","https://www.dave-blake.com/photographer","301"
"https://daveblake.com.au/photographer/tag/storytelling+imagery.html","https://www.dave-blake.com/photographer","301"
"https://daveblake.com.au/photographer/tag/swimwear+photography.html","https://www.dave-blake.com/photographer","301"
"https://daveblake.com.au/photographer?format=rss.rss","https://www.dave-blake.com/photographer","301"
"https://daveblake.com.au/photography/commercial","https://www.dave-blake.com/services","301"
"https://daveblake.com.au/photography/fashion-week","https://www.dave-blake.com/story","301"
"https://daveblake.com.au/portfolio/beauty.html","https://www.dave-blake.com/portfolio/beauty","301"
"https://daveblake.com.au/portfolio/fashion.html","https://www.dave-blake.com/portfolio/fashion","301"
"https://daveblake.com.au/portfolio/motion.html","https://www.dave-blake.com/portfolio/motion","301"
"https://daveblake.com.au/portfolio/swimwear.html","https://www.dave-blake.com/portfolio/swimwear","301"
"https://daveblake.com.au/services.html","https://www.dave-blake.com/services","301"
"https://daveblake.com.au/services/beauty.html","https://www.dave-blake.com/services/beauty","301"
"https://daveblake.com.au/services/fashion.html","https://www.dave-blake.com/services/fashion","301"
"https://daveblake.com.au/services/model-portfolios.html","https://www.dave-blake.com/services/model-portfolios","301"
"https://daveblake.com.au/services/model-portfolios/brisbane.html","https://www.dave-blake.com/services/model-portfolios/brisbane","301"
"https://daveblake.com.au/services/model-portfolios/byron-bay.html","https://www.dave-blake.com/services/model-portfolios/byron-bay","301"
"https://daveblake.com.au/services/model-portfolios/category/Australia.html","https://www.dave-blake.com/services/model-portfolios","301"
"https://daveblake.com.au/services/model-portfolios/category/Brisbane.html","https://www.dave-blake.com/services/model-portfolios","301"
"https://daveblake.com.au/services/model-portfolios/category/Byron%20Bay.html","https://www.dave-blake.com/services/model-portfolios","301"
"https://daveblake.com.au/services/model-portfolios/category/Byron+Bay.html","https://www.dave-blake.com/services/model-portfolios","301"
"https://daveblake.com.au/services/model-portfolios/category/Sydney.html","https://www.dave-blake.com/services/model-portfolios","301"
"https://daveblake.com.au/services/model-portfolios/sydney.html","https://www.dave-blake.com/services/model-portfolios/sydney","301"
"https://daveblake.com.au/services/model-portfolios/tag/Australia.html","https://www.dave-blake.com/services/model-portfolios","301"
"https://daveblake.com.au/services/model-portfolios/tag/Brisbane.html","https://www.dave-blake.com/services/model-portfolios","301"
"https://daveblake.com.au/services/model-portfolios/tag/Byron+Bay.html","https://www.dave-blake.com/services/model-portfolios","301"
"https://daveblake.com.au/services/model-portfolios/tag/Model+Portfolio+Photographer.html","https://www.dave-blake.com/services/model-portfolios","301"
"https://daveblake.com.au/services/model-portfolios/tag/Model+Portfolio+Photography+Byron+Bay.html","https://www.dave-blake.com/services/model-portfolios","301"
"https://daveblake.com.au/services/model-portfolios/tag/Model+Test+Photographer.html","https://www.dave-blake.com/services/model-portfolios","301"
"https://daveblake.com.au/services/model-portfolios/tag/Sydney.html","https://www.dave-blake.com/services/model-portfolios","301"
"https://daveblake.com.au/services/model-portfolios?format=rss.rss","https://www.dave-blake.com/","301"
"https://daveblake.com.au/services/swimwear.html","https://www.dave-blake.com/services/swimwear","301"
"https://daveblake.com.au/story.html","https://www.dave-blake.com/story","301"
"https://daveblake.com.au/story/-antics-march-april-2016-newsletter-is-out.html","https://www.dave-blake.com/story/-antics-march-april-2016-newsletter-is-out","301"
"https://daveblake.com.au/story/-kirsten-clemens-7up-fun.html","https://www.dave-blake.com/story/-kirsten-clemens-7up-fun","301"
"https://daveblake.com.au/story/2016/10/31/interview-with-millicent-lambert.html","https://www.dave-blake.com/story/2016/10/31/interview-with-millicent-lambert","301"
"https://daveblake.com.au/story/2016/10/31/monika-clarke-cape-capri-campaign-ss16.html","https://www.dave-blake.com/story/2016/10/31/monika-clarke-cape-capri-campaign-ss16","301"
"https://daveblake.com.au/story/2016/12/13/my-chat-with-model-ellina-fattakhova.html","https://www.dave-blake.com/story/2016/12/13/my-chat-with-model-ellina-fattakhova","301"
"https://daveblake.com.au/story/2016/12/3/my-chat-with-millicent-lambert.html","https://www.dave-blake.com/story/2016/12/3/my-chat-with-millicent-lambert","301"
"https://daveblake.com.au/story/2016/12/7/bts-video-for-onebyone-campaign.html","https://www.dave-blake.com/story/2016/12/7/bts-video-for-onebyone-campaign","301"
"https://daveblake.com.au/story/2016/6/20/-kirsten-clemens-left-hand-free-video.html","https://www.dave-blake.com/story/2016/6/20/-kirsten-clemens-left-hand-free-video","301"
"https://daveblake.com.au/story/2016/6/20/sapphire-degoede-model-dale-dorning.html","https://www.dave-blake.com/story/2016/6/20/sapphire-degoede-model-dale-dorning","301"
"https://daveblake.com.au/story/2016/6/24/antics-may-june-2016-newsletter-is-out.html","https://www.dave-blake.com/story/2016/6/24/antics-may-june-2016-newsletter-is-out","301"
"https://daveblake.com.au/story/2016/9/10/something-borrowed-something-blue.html","https://www.dave-blake.com/story/2016/9/10/something-borrowed-something-blue","301"
"https://daveblake.com.au/story/2017/10/31/poolside-with-egith-van-dinther.html","https://www.dave-blake.com/story/2017/10/31/poolside-with-egith-van-dinther","301"
"https://daveblake.com.au/story/2017/11/8/annie-ericson-pools-of-blue.html","https://www.dave-blake.com/story/2017/11/8/annie-ericson-pools-of-blue","301"
"https://daveblake.com.au/story/2017/12/19/swimwear-galore-17-iwillembracesummer-campaign.html","https://www.dave-blake.com/story/2017/12/19/swimwear-galore-17-iwillembracesummer-campaign","301"
"https://daveblake.com.au/story/2017/2/15/ruby-yaya-campaign-17.html","https://www.dave-blake.com/story/2017/2/15/ruby-yaya-campaign-17","301"
"https://daveblake.com.au/story/2017/2/21/susie-collins.html","https://www.dave-blake.com/story/2017/2/21/susie-collins","301"
"https://daveblake.com.au/story/2017/2/27/m1aw86n0ot90ifd63dy202bqr8j3up.html","https://www.dave-blake.com/story/2017/2/27/m1aw86n0ot90ifd63dy202bqr8j3up","301"
"https://daveblake.com.au/story/2017/2/27/onebyone-clothing-campaign-16.html","https://www.dave-blake.com/story/2017/2/27/onebyone-clothing-campaign-16","301"
"https://daveblake.com.au/story/2017/2/27/schiesser.html","https://www.dave-blake.com/story/2017/2/27/schiesser","301"
"https://daveblake.com.au/story/2017/2/28/gymshark-womens-robin-gallant.html","https://www.dave-blake.com/story/2017/2/28/gymshark-womens-robin-gallant","301"
"https://daveblake.com.au/story/2017/3/10/isabelle.html","https://www.dave-blake.com/story/2017/3/10/isabelle","301"
"https://daveblake.com.au/story/2017/3/17/dani-stevens.html","https://www.dave-blake.com/story/2017/3/17/dani-stevens","301"
"https://daveblake.com.au/story/2017/3/17/miilk-swimwear.html","https://www.dave-blake.com/story/2017/3/17/miilk-swimwear","301"
"https://daveblake.com.au/story/2017/4/27/sport-l-moda.html","https://www.dave-blake.com/story/2017/4/27/sport-l-moda","301"
"https://daveblake.com.au/story/2017/4/4/embellished-kaftans.html","https://www.dave-blake.com/story/2017/4/4/embellished-kaftans","301"
"https://daveblake.com.au/story/2017/5/10/clean-living-co.html","https://www.dave-blake.com/story/2017/5/10/clean-living-co","301"
"https://daveblake.com.au/story/2017/5/21/annabella-barber-street-style-mbfwa17.html","https://www.dave-blake.com/story/2017/5/21/annabella-barber-street-style-mbfwa17","301"
"https://daveblake.com.au/story/2017/5/29/fashion-week-virgin-mbfwa-2017.html","https://www.dave-blake.com/story/2017/5/29/fashion-week-virgin-mbfwa-2017","301"
"https://daveblake.com.au/story/2017/7/10/georgia-jones.html","https://www.dave-blake.com/story/2017/7/10/georgia-jones","301"
"https://daveblake.com.au/story/2017/7/12/ruby-yaya-campaign-ss17.html","https://www.dave-blake.com/story/2017/7/12/ruby-yaya-campaign-ss17","301"
"https://daveblake.com.au/story/2017/7/19/adidas-ultraboost-x-campaign.html","https://www.dave-blake.com/story/2017/7/19/adidas-ultraboost-x-campaign","301"
"https://daveblake.com.au/story/2017/8/16/della-notte.html","https://www.dave-blake.com/story/2017/8/16/della-notte","301"
"https://daveblake.com.au/story/2017/8/17/miami-swim-17-wrap.html","https://www.dave-blake.com/story/2017/8/17/miami-swim-17-wrap","301"
"https://daveblake.com.au/story/2017/8/30/bella-rouge.html","https://www.dave-blake.com/story/2017/8/30/bella-rouge","301"
"https://daveblake.com.au/story/2017/9/13/mollye-rogel.html","https://www.dave-blake.com/story/2017/9/13/mollye-rogel","301"
"https://daveblake.com.au/story/2017/9/22/lacey-nelson.html","https://www.dave-blake.com/story/2017/9/22/lacey-nelson","301"
"https://daveblake.com.au/story/2017/9/24/ana-kondratjeva.html","https://www.dave-blake.com/story/2017/9/24/ana-kondratjeva","301"
"https://daveblake.com.au/story/2017/9/27/julia-newbery.html","https://www.dave-blake.com/story/2017/9/27/julia-newbery","301"
"https://daveblake.com.au/story/2017/9/27/nikki-crerar-mkaz4.html","https://www.dave-blake.com/story/2017/9/27/nikki-crerar-mkaz4","301"
"https://daveblake.com.au/story/2017/9/5/beth-hurrell.html","https://www.dave-blake.com/story/2017/9/5/beth-hurrell","301"
"https://daveblake.com.au/story/2018/10/15/polo-los-loosa.html","https://www.dave-blake.com/story/2018/10/15/polo-los-loosa","301"
"https://daveblake.com.au/story/2018/2/2/ruby-yaya-18.html","https://www.dave-blake.com/story/2018/2/2/ruby-yaya-18","301"
"https://daveblake.com.au/story/2018/3/22/kate.html","https://www.dave-blake.com/story/2018/3/22/kate","301"
"https://daveblake.com.au/story/2018/3/22/zemira-whitehead.html","https://www.dave-blake.com/story/2018/3/22/zemira-whitehead","301"
"https://daveblake.com.au/story/2018/4/9/girl-friday.html","https://www.dave-blake.com/story/2018/4/9/girl-friday","301"
"https://daveblake.com.au/story/2018/5/26/camilla-marc-resort-2019-backstage-beauty-georgia-fowler-charlee-fraser.html","https://www.dave-blake.com/story/2018/5/26/camilla-marc-resort-2019-backstage-beauty-georgia-fowler-charlee-fraser","301"
"https://daveblake.com.au/story/2018/5/31/lee-mathews-resort-2019-backstage-beauty-isabel-lucas.html","https://www.dave-blake.com/story/2018/5/31/lee-mathews-resort-2019-backstage-beauty-isabel-lucas","301"
"https://daveblake.com.au/story/2018/5/8/a-waking-angel-kate.html","https://www.dave-blake.com/story/2018/5/8/a-waking-angel-kate","301"
"https://daveblake.com.au/story/2018/5/9/elixir-of-youth.html","https://www.dave-blake.com/story/2018/5/9/elixir-of-youth","301"
"https://daveblake.com.au/story/2018/6/10/zi-life-swimwear-campaign-byron-bay-jodi-lee.html","https://www.dave-blake.com/story/2018/6/10/zi-life-swimwear-campaign-byron-bay-jodi-lee","301"
"https://daveblake.com.au/story/2018/6/11/on-island-time-miluniel.html","https://www.dave-blake.com/story/2018/6/11/on-island-time-miluniel","301"
"https://daveblake.com.au/story/2018/6/14/bimby-and-roy-aw18-campaign.html","https://www.dave-blake.com/story/2018/6/14/bimby-and-roy-aw18-campaign","301"
"https://daveblake.com.au/story/2018/6/22/thomas-puttick-resort-19.html","https://www.dave-blake.com/story/2018/6/22/thomas-puttick-resort-19","301"
"https://daveblake.com.au/story/2018/6/5/ehlana-raw.html","https://www.dave-blake.com/story/2018/6/5/ehlana-raw","301"
"https://daveblake.com.au/story/2018/6/5/karla-bodycote.html","https://www.dave-blake.com/story/2018/6/5/karla-bodycote","301"
"https://daveblake.com.au/story/2018/7/11/flora-bella-18.html","https://www.dave-blake.com/story/2018/7/11/flora-bella-18","301"
"https://daveblake.com.au/story/2018/8/30/summer-is-calling-elle-mcnamara.html","https://www.dave-blake.com/story/2018/8/30/summer-is-calling-elle-mcnamara","301"
"https://daveblake.com.au/story/2018/8/8/kane-anderson.html","https://www.dave-blake.com/story/2018/8/8/kane-anderson","301"
"https://daveblake.com.au/story/2018/charlotte-coqueline-img-sydney.html","https://www.dave-blake.com/story/2018/charlotte-coqueline-img-sydney","301"
"https://daveblake.com.au/story/2018/itty-bitty-barbershop-for-imirage-magazine.html","https://www.dave-blake.com/story/2018/itty-bitty-barbershop-for-imirage-magazine","301"
"https://daveblake.com.au/story/2018/nikon-water-housing-portrait-taya-brooks.html","https://www.dave-blake.com/story/2018/nikon-water-housing-portrait-taya-brooks","301"
"https://daveblake.com.au/story/2018/ruby-yaya-fashion-villa-rustica.html","https://www.dave-blake.com/story/2018/ruby-yaya-fashion-villa-rustica","301"
"https://daveblake.com.au/story/2019/alys-hale-model-writer.html","https://www.dave-blake.com/story/2019/alys-hale-model-writer","301"
"https://daveblake.com.au/story/2020/podcast-interview-with-chaye-hartwell.html","https://www.dave-blake.com/story/2020/podcast-interview-with-chaye-hartwell","301"
"https://daveblake.com.au/story/aafw22-x-grittypretty-x-redken.html","https://www.dave-blake.com/story/aafw22-x-grittypretty-x-redken","301"
"https://daveblake.com.au/story/abbey-maher-viviens-balistarz-lifes-a-beach.html","https://www.dave-blake.com/story/abbey-maher-viviens-balistarz-lifes-a-beach","301"
"https://daveblake.com.au/story/abigail-oneill-beauty.html","https://www.dave-blake.com/story/abigail-oneill-beauty","301"
"https://daveblake.com.au/story/aje-mothers-day-edit-2022.html","https://www.dave-blake.com/story/aje-mothers-day-edit-2022","301"
"https://daveblake.com.au/story/andean-collective-byron-bay-ss20.html","https://www.dave-blake.com/story/andean-collective-byron-bay-ss20","301"
"https://daveblake.com.au/story/andy-kovszun-stitchandhide21.html","https://www.dave-blake.com/story/andy-kovszun-stitchandhide21","301"
"https://daveblake.com.au/story/anouk-daddo-img-models-beauty.html","https://www.dave-blake.com/story/anouk-daddo-img-models-beauty","301"
"https://daveblake.com.au/story/audrey-bradford-imd-inc-mavrick-agency-chasing-waterfalls.html","https://www.dave-blake.com/story/audrey-bradford-imd-inc-mavrick-agency-chasing-waterfalls","301"
"https://daveblake.com.au/story/audrey-bradford.html","https://www.dave-blake.com/story/audrey-bradford","301"
"https://daveblake.com.au/story/barungas-next-top-model-2025.html","https://www.dave-blake.com/story/barungas-next-top-model-2025","301"
"https://daveblake.com.au/story/caroline-low-img-models-beauty.html","https://www.dave-blake.com/story/caroline-low-img-models-beauty","301"
"https://daveblake.com.au/story/caroline-lowe-img-models-beauty-gold-eyeshadow.html","https://www.dave-blake.com/story/caroline-lowe-img-models-beauty-gold-eyeshadow","301"
"https://daveblake.com.au/story/category/@daveblakephoto.html","https://www.dave-blake.com/story","301"
"https://daveblake.com.au/story/category/Advertising.html","https://www.dave-blake.com/story","301"
"https://daveblake.com.au/story/category/Article.html","https://www.dave-blake.com/story","301"
"https://daveblake.com.au/story/category/Beauty.html","https://www.dave-blake.com/story","301"
"https://daveblake.com.au/story/category/Behind%20The%20Scenes.html","https://www.dave-blake.com/story","301"
"https://daveblake.com.au/story/category/Behind+The+Scenes.html","https://www.dave-blake.com/story","301"
"https://daveblake.com.au/story/category/Body.html","https://www.dave-blake.com/story","301"
"https://daveblake.com.au/story/category/Bridal.html","https://www.dave-blake.com/story","301"
"https://daveblake.com.au/story/category/Campaign.html","https://www.dave-blake.com/story","301"
"https://daveblake.com.au/story/category/Commercial.html","https://www.dave-blake.com/story","301"
"https://daveblake.com.au/story/category/Commissions.html","https://www.dave-blake.com/story","301"
"https://daveblake.com.au/story/category/Editorial.html","https://www.dave-blake.com/story","301"
"https://daveblake.com.au/story/category/Fashion%20Week.html","https://www.dave-blake.com/story","301"
"https://daveblake.com.au/story/category/Fashion+Week.html","https://www.dave-blake.com/story","301"
"https://daveblake.com.au/story/category/Fashion.html","https://www.dave-blake.com/story","301"
"https://daveblake.com.au/story/category/Indoor.html","https://www.dave-blake.com/story","301"
"https://daveblake.com.au/story/category/Lifestyle.html","https://www.dave-blake.com/story","301"
"https://daveblake.com.au/story/category/Lookbook.html","https://www.dave-blake.com/story","301"
"https://daveblake.com.au/story/category/Model%20Interviews.html","https://www.dave-blake.com/story","301"
"https://daveblake.com.au/story/category/Model+Interviews.html","https://www.dave-blake.com/story","301"
"https://daveblake.com.au/story/category/Models.html","https://www.dave-blake.com/story","301"
"https://daveblake.com.au/story/category/Newsletter.html","https://www.dave-blake.com/story","301"
"https://daveblake.com.au/story/category/Outdoor.html","https://www.dave-blake.com/story","301"
"https://daveblake.com.au/story/category/Personal%20Work.html","https://www.dave-blake.com/story","301"
"https://daveblake.com.au/story/category/Personal+Work.html","https://www.dave-blake.com/story","301"
"https://daveblake.com.au/story/category/Podcast.html","https://www.dave-blake.com/story","301"
"https://daveblake.com.au/story/category/Portrait.html","https://www.dave-blake.com/story","301"
"https://daveblake.com.au/story/category/Press%20Kit.html","https://www.dave-blake.com/story","301"
"https://daveblake.com.au/story/category/Press+Kit.html","https://www.dave-blake.com/story","301"
"https://daveblake.com.au/story/category/Street%20Style.html","https://www.dave-blake.com/story","301"
"https://daveblake.com.au/story/category/Street+Style.html","https://www.dave-blake.com/story","301"
"https://daveblake.com.au/story/category/Swim.html","https://www.dave-blake.com/story","301"
"https://daveblake.com.au/story/category/Swimwear.html","https://www.dave-blake.com/story","301"
"https://daveblake.com.au/story/category/Sydney%20Fashion%20Week.html","https://www.dave-blake.com/story","301"
"https://daveblake.com.au/story/category/Sydney+Fashion+Week.html","https://www.dave-blake.com/story","301"
"https://daveblake.com.au/story/category/video.html","https://www.dave-blake.com/story","301"
"https://daveblake.com.au/story/charlotte-she-does-as-she-pleases.html","https://www.dave-blake.com/story/charlotte-she-does-as-she-pleases","301"
"https://daveblake.com.au/story/chaye-unfolding.html","https://www.dave-blake.com/story/chaye-unfolding","301"
"https://daveblake.com.au/story/coach-micro-mini-anna-feller.html","https://www.dave-blake.com/story/coach-micro-mini-anna-feller","301"
"https://daveblake.com.au/story/commissioned/sand-and-sky.html","https://www.dave-blake.com/story/commissioned/sand-and-sky","301"
"https://daveblake.com.au/story/commissions/tagheuer-advertorial-dont-crack-under-pressure-in-augustman-magazine.html","https://www.dave-blake.com/story/commissions/tagheuer-advertorial-dont-crack-under-pressure-in-augustman-magazine","301"
"https://daveblake.com.au/story/craig-ruddy-artist.html","https://www.dave-blake.com/story/craig-ruddy-artist","301"
"https://daveblake.com.au/story/enzo-and-toto-aw19-abigail-oneill-deux-belettes.html","https://www.dave-blake.com/story/enzo-and-toto-aw19-abigail-oneill-deux-belettes","301"
"https://daveblake.com.au/story/facesoffashionweek/nyfw-19.html","https://www.dave-blake.com/story/facesoffashionweek/nyfw-19","301"
"https://daveblake.com.au/story/fishermans-friend-beauty-editorial.html","https://www.dave-blake.com/story/fishermans-friend-beauty-editorial","301"
"https://daveblake.com.au/story/isadora-vieira-beauty.html","https://www.dave-blake.com/story/isadora-vieira-beauty","301"
"https://daveblake.com.au/story/jordie-shennan-model-video.html","https://www.dave-blake.com/story/jordie-shennan-model-video","301"
"https://daveblake.com.au/story/kirsten-clemens-model-video-showreel.html","https://www.dave-blake.com/story/kirsten-clemens-model-video-showreel","301"
"https://daveblake.com.au/story/marvell-lane-swim-laura-wells-c18.html","https://www.dave-blake.com/story/marvell-lane-swim-laura-wells-c18","301"
"https://daveblake.com.au/story/michelle-bagarra-model-beach-video-062020.html","https://www.dave-blake.com/story/michelle-bagarra-model-beach-video-062020","301"
"https://daveblake.com.au/story/personal/35mm-kodak-ektachrome-e100-cross-processed-nikon-f100-70-200-28-f4.html","https://www.dave-blake.com/story/personal/35mm-kodak-ektachrome-e100-cross-processed-nikon-f100-70-200-28-f4","301"
"https://daveblake.com.au/story/personal/barbara-di-creddo-img-new-york.html","https://www.dave-blake.com/story/personal/barbara-di-creddo-img-new-york","301"
"https://daveblake.com.au/story/personal/michelle-bagarra-quantum-jumping.html","https://www.dave-blake.com/story/personal/michelle-bagarra-quantum-jumping","301"
"https://daveblake.com.au/story/personal/run-rabbit-run-beauty-loli-watson.html","https://www.dave-blake.com/story/personal/run-rabbit-run-beauty-loli-watson","301"
"https://daveblake.com.au/story/postcards-from-paradise.html","https://www.dave-blake.com/story/postcards-from-paradise","301"
"https://daveblake.com.au/story/tag/Activewear.html","https://www.dave-blake.com/story","301"
"https://daveblake.com.au/story/tag/Australian+fashion.html","https://www.dave-blake.com/story","301"
"https://daveblake.com.au/story/tag/Barunga+Festival.html","https://www.dave-blake.com/story","301"
"https://daveblake.com.au/story/tag/Beauty.html","https://www.dave-blake.com/story","301"
"https://daveblake.com.au/story/tag/Beth+Hurrell.html","https://www.dave-blake.com/story","301"
"https://daveblake.com.au/story/tag/Byron+Bay.html","https://www.dave-blake.com/story","301"
"https://daveblake.com.au/story/tag/Campaign+Edge+Sprout.html","https://www.dave-blake.com/story","301"
"https://daveblake.com.au/story/tag/Campaign.html","https://www.dave-blake.com/story","301"
"https://daveblake.com.au/story/tag/Caroline+Lowe.html","https://www.dave-blake.com/story","301"
"https://daveblake.com.au/story/tag/Charlee+Fraser.html","https://www.dave-blake.com/story","301"
"https://daveblake.com.au/story/tag/Charlotte+Coqueline.html","https://www.dave-blake.com/story","301"
"https://daveblake.com.au/story/tag/Chiara+Dorward.html","https://www.dave-blake.com/story","301"
"https://daveblake.com.au/story/tag/Chloe.html","https://www.dave-blake.com/story","301"
"https://daveblake.com.au/story/tag/Commercial.html","https://www.dave-blake.com/story","301"
"https://daveblake.com.au/story/tag/Community+collaboration.html","https://www.dave-blake.com/story","301"
"https://daveblake.com.au/story/tag/Craig+Ruddy+Artist.html","https://www.dave-blake.com/story","301"
"https://daveblake.com.au/story/tag/Dani+Stevens.html","https://www.dave-blake.com/story","301"
"https://daveblake.com.au/story/tag/Dave+Blake.html","https://www.dave-blake.com/story","301"
"https://daveblake.com.au/story/tag/Editorial+photography.html","https://www.dave-blake.com/story","301"
"https://daveblake.com.au/story/tag/Editorial.html","https://www.dave-blake.com/story","301"
"https://daveblake.com.au/story/tag/Egith+van+Dinther.html","https://www.dave-blake.com/story","301"
"https://daveblake.com.au/story/tag/Emma+Chen.html","https://www.dave-blake.com/story","301"
"https://daveblake.com.au/story/tag/Fashion+Editorial.html","https://www.dave-blake.com/story","301"
"https://daveblake.com.au/story/tag/Fashion+Week.html","https://www.dave-blake.com/story","301"
"https://daveblake.com.au/story/tag/Fashion+storytelling.html","https://www.dave-blake.com/story","301"
"https://daveblake.com.au/story/tag/First+Nations+fashion.html","https://www.dave-blake.com/story","301"
"https://daveblake.com.au/story/tag/Georgia+Fowler.html","https://www.dave-blake.com/story","301"
"https://daveblake.com.au/story/tag/Georgia+Jones.html","https://www.dave-blake.com/story","301"
"https://daveblake.com.au/story/tag/IMG+Models.html","https://www.dave-blake.com/story","301"
"https://daveblake.com.au/story/tag/Indigenous+Australia.html","https://www.dave-blake.com/story","301"
"https://daveblake.com.au/story/tag/Isabel+Lucas.html","https://www.dave-blake.com/story","301"
"https://daveblake.com.au/story/tag/Isabelle+van+der+Tuin.html","https://www.dave-blake.com/story","301"
"https://daveblake.com.au/story/tag/Jayde+Stella.html","https://www.dave-blake.com/story","301"
"https://daveblake.com.au/story/tag/Julia+Durham.html","https://www.dave-blake.com/story","301"
"https://daveblake.com.au/story/tag/Julia+Newbery.html","https://www.dave-blake.com/story","301"
"https://daveblake.com.au/story/tag/Lacey+Nelson.html","https://www.dave-blake.com/story","301"
"https://daveblake.com.au/story/tag/Lazy+Suzan.html","https://www.dave-blake.com/story","301"
"https://daveblake.com.au/story/tag/Lee+Mathews.html","https://www.dave-blake.com/story","301"
"https://daveblake.com.au/story/tag/Lilli+Tronc-Robinson.html","https://www.dave-blake.com/story","301"
"https://daveblake.com.au/story/tag/MBFW17.html","https://www.dave-blake.com/story","301"
"https://daveblake.com.au/story/tag/MBFWA.html","https://www.dave-blake.com/story","301"
"https://daveblake.com.au/story/tag/MBFWA17.html","https://www.dave-blake.com/story","301"
"https://daveblake.com.au/story/tag/MBFWA18.html","https://www.dave-blake.com/story","301"
"https://daveblake.com.au/story/tag/Mel+Oldenberg.html","https://www.dave-blake.com/story","301"
"https://daveblake.com.au/story/tag/Mercedes+Benz+Fashion+Week+Australia.html","https://www.dave-blake.com/story","301"
"https://daveblake.com.au/story/tag/Miami+Beach.html","https://www.dave-blake.com/story","301"
"https://daveblake.com.au/story/tag/Miami+Swim.html","https://www.dave-blake.com/story","301"
"https://daveblake.com.au/story/tag/Model+Test.html","https://www.dave-blake.com/story","301"
"https://daveblake.com.au/story/tag/Model.html","https://www.dave-blake.com/story","301"
"https://daveblake.com.au/story/tag/Mollye+Rogel.html","https://www.dave-blake.com/story","301"
"https://daveblake.com.au/story/tag/NYFW.html","https://www.dave-blake.com/story","301"
"https://daveblake.com.au/story/tag/Natalia+de+Martin.html","https://www.dave-blake.com/story","301"
"https://daveblake.com.au/story/tag/New+York.html","https://www.dave-blake.com/story","301"
"https://daveblake.com.au/story/tag/Nikki+Crerar.html","https://www.dave-blake.com/story","301"
"https://daveblake.com.au/story/tag/Northern+Territory+photography.html","https://www.dave-blake.com/story","301"
"https://daveblake.com.au/story/tag/Personal+Work.html","https://www.dave-blake.com/story","301"
"https://daveblake.com.au/story/tag/Podcast.html","https://www.dave-blake.com/story","301"
"https://daveblake.com.au/story/tag/Press+Kit.html","https://www.dave-blake.com/story","301"
"https://daveblake.com.au/story/tag/Que+Models.html","https://www.dave-blake.com/story","301"
"https://daveblake.com.au/story/tag/Resort.html","https://www.dave-blake.com/story","301"
"https://daveblake.com.au/story/tag/Roberta+Pecoraro.html","https://www.dave-blake.com/story","301"
"https://daveblake.com.au/story/tag/Ruby+Yaya.html","https://www.dave-blake.com/story","301"
"https://daveblake.com.au/story/tag/Sami+Simper.html","https://www.dave-blake.com/story","301"
"https://daveblake.com.au/story/tag/Scoop+Management.html","https://www.dave-blake.com/story","301"
"https://daveblake.com.au/story/tag/Simone+Forte.html","https://www.dave-blake.com/story","301"
"https://daveblake.com.au/story/tag/Social+Campaign.html","https://www.dave-blake.com/story","301"
"https://daveblake.com.au/story/tag/Steph+Claire+Smith.html","https://www.dave-blake.com/story","301"
"https://daveblake.com.au/story/tag/Steph+Rayner.html","https://www.dave-blake.com/story","301"
"https://daveblake.com.au/story/tag/Studio.html","https://www.dave-blake.com/story","301"
"https://daveblake.com.au/story/tag/Susie+Collins.html","https://www.dave-blake.com/story","301"
"https://daveblake.com.au/story/tag/Sydney.html","https://www.dave-blake.com/story","301"
"https://daveblake.com.au/story/tag/TagHeuer.html","https://www.dave-blake.com/story","301"
"https://daveblake.com.au/story/tag/Underwear.html","https://www.dave-blake.com/story","301"
"https://daveblake.com.au/story/tag/Valentina+Pintus.html","https://www.dave-blake.com/story","301"
"https://daveblake.com.au/story/tag/Villa+Rustica.html","https://www.dave-blake.com/story","301"
"https://daveblake.com.au/story/tag/Wilhelmina+NY.html","https://www.dave-blake.com/story","301"
"https://daveblake.com.au/story/tag/Womens+Fashion.html","https://www.dave-blake.com/story","301"
"https://daveblake.com.au/story/tag/Youth+empowerment.html","https://www.dave-blake.com/story","301"
"https://daveblake.com.au/story/tag/advertising.html","https://www.dave-blake.com/story","301"
"https://daveblake.com.au/story/tag/behind+the+scenes.html","https://www.dave-blake.com/story","301"
"https://daveblake.com.au/story/tag/jordie+shennan.html","https://www.dave-blake.com/story","301"
"https://daveblake.com.au/story/tag/law+of+attraction.html","https://www.dave-blake.com/story","301"
"https://daveblake.com.au/story/tag/millicent+lambert.html","https://www.dave-blake.com/story","301"
"https://daveblake.com.au/story/tag/monika+clarke.html","https://www.dave-blake.com/story","301"
"https://daveblake.com.au/story/tag/newsletter-2015-december.html","https://www.dave-blake.com/story","301"
"https://daveblake.com.au/story/tag/newsletter-2016-february.html","https://www.dave-blake.com/story","301"
"https://daveblake.com.au/story/tag/newsletter-2016-june.html","https://www.dave-blake.com/story","301"
"https://daveblake.com.au/story/tag/silka+kurzak.html","https://www.dave-blake.com/story","301"
"https://daveblake.com.au/story/tag/swimwear.html","https://www.dave-blake.com/story","301"
"https://daveblake.com.au/story/tag/video.html","https://www.dave-blake.com/story","301"
"https://daveblake.com.au/story/tag/viviens+models.html","https://www.dave-blake.com/story","301"
"https://daveblake.com.au/story/tania-olsen-designs-2020-charlie-robertson-katie-kugis-deux-belettes.html","https://www.dave-blake.com/story/tania-olsen-designs-2020-charlie-robertson-katie-kugis-deux-belettes","301"
"https://daveblake.com.au/story/tenacity-talent-and-shooting-what-you-love-my-three-year-vision.html","https://www.dave-blake.com/story/tenacity-talent-and-shooting-what-you-love-my-three-year-vision","301"
"https://daveblake.com.au/story?format=rss.rss","https://www.dave-blake.com/story","301"
"https://daveblake.com.au/story?offset=1466398729674&category=Personal+Work.html","https://www.dave-blake.com/story","301"
"https://daveblake.com.au/story?offset=1477885777417.html","https://www.dave-blake.com/story","301"
"https://daveblake.com.au/story?offset=1481099049080&category=Campaign.html","https://www.dave-blake.com/story","301"
"https://daveblake.com.au/story?offset=1500432589338&category=Commercial.html","https://www.dave-blake.com/story","301"
"https://daveblake.com.au/story?offset=1502884445534&category=Fashion.html","https://www.dave-blake.com/story","301"
"https://daveblake.com.au/story?offset=1502884445534.html","https://www.dave-blake.com/story","301"
"https://daveblake.com.au/story?offset=1507025181895&category=Beauty.html","https://www.dave-blake.com/story","301"
"https://daveblake.com.au/story?offset=1528078920801.html","https://www.dave-blake.com/story","301"
"https://daveblake.com.au/story?offset=1529722005749&category=Personal+Work.html","https://www.dave-blake.com/story","301"
"https://daveblake.com.au/story?offset=1554591133687.html","https://www.dave-blake.com/story","301"
"https://daveblake.com.au/subscribe.html","https://www.dave-blake.com/subscribe","301"
"https://daveblake.com.au/workshops/2021/07/professional-photography-course-building-your-fashion-beauty-portfolio-with-agency-models-3-months-8-students-online-or-byron-bay","https://www.dave-blake.com/photography-workshops","301"
"https://daveblake.com.au/workshops/2021/10/professional-photography-course-building-your-fashion-beauty-portfolio-with-agency-models-3-months-8-students-online-or-byron-bay","https://www.dave-blake.com/photography-workshops","301"
