source_url	source_file	destination
/images.squarespace-cdn.com/content/54b09e7ce4b0755e628b618e/1441113171591-WBHP30TT952A1Q1QCS0S/dave-blake-photographer-apple%EF%B9%96content-type=image%EA%A4%B7png.png	/Users/daveblake/site-backups/dave-blake-sspro/images.squarespace-cdn.com/content/54b09e7ce4b0755e628b618e/1441113171591-WBHP30TT952A1Q1QCS0S/dave-blake-photographer-apple﹖content-type=imageꤷpng.png	/assets/images/pages/home/1441113171591-WBHP30TT952A1Q1QCS0S--dave-blake-photographer-apple-content-type-image-png.png
/images.squarespace-cdn.com/content/54b09e7ce4b0755e628b618e/1705690802052-ZS78PHXZNXR4DSB4PQBS/DaveBlake-JasmineDwyer_91%EF%B9%96content-type=image%EA%A4%B7jpeg.jpg	/Users/daveblake/site-backups/dave-blake-sspro/images.squarespace-cdn.com/content/54b09e7ce4b0755e628b618e/1705690802052-ZS78PHXZNXR4DSB4PQBS/DaveBlake-JasmineDwyer_91﹖content-type=imageꤷjpeg.jpg	/assets/images/pages/home/1705690802052-ZS78PHXZNXR4DSB4PQBS--DaveBlake-JasmineDwyer_91-content-type-image-jpeg.jpg
/images.squarespace-cdn.com/content/v1/54b09e7ce4b0755e628b618e/1441180547530-K7RX78RXL1TER8DL8WD8/favicon.ico.png	/Users/daveblake/site-backups/dave-blake-sspro/images.squarespace-cdn.com/content/v1/54b09e7ce4b0755e628b618e/1441180547530-K7RX78RXL1TER8DL8WD8/favicon.ico.png	/assets/images/pages/home/1441180547530-K7RX78RXL1TER8DL8WD8--favicon.ico.png
/images.squarespace-cdn.com/content/v1/54b09e7ce4b0755e628b618e/1502955158484-KA9PA53S3TYLUV3DUPBW/image-asset%EF%B9%96format=1500w.jpeg	/Users/daveblake/site-backups/dave-blake-sspro/images.squarespace-cdn.com/content/v1/54b09e7ce4b0755e628b618e/1502955158484-KA9PA53S3TYLUV3DUPBW/image-asset﹖format=1500w.jpeg	/assets/images/pages/home/1502955158484-KA9PA53S3TYLUV3DUPBW--image-asset-format-1500w.jpeg
/images.squarespace-cdn.com/content/v1/54b09e7ce4b0755e628b618e/1502955158484-KA9PA53S3TYLUV3DUPBW/image-asset%EF%B9%96format=750w.jpeg	/Users/daveblake/site-backups/dave-blake-sspro/images.squarespace-cdn.com/content/v1/54b09e7ce4b0755e628b618e/1502955158484-KA9PA53S3TYLUV3DUPBW/image-asset﹖format=750w.jpeg	/assets/images/pages/home/1502955158484-KA9PA53S3TYLUV3DUPBW--image-asset-format-750w.jpeg
/images.squarespace-cdn.com/content/v1/54b09e7ce4b0755e628b618e/1502955158484-KA9PA53S3TYLUV3DUPBW/image-asset.jpeg	/Users/daveblake/site-backups/dave-blake-sspro/images.squarespace-cdn.com/content/v1/54b09e7ce4b0755e628b618e/1502955158484-KA9PA53S3TYLUV3DUPBW/image-asset.jpeg	/assets/images/pages/home/1502955158484-KA9PA53S3TYLUV3DUPBW--image-asset.jpeg
/images.squarespace-cdn.com/content/v1/54b09e7ce4b0755e628b618e/1611560914080-ZZ6KJNJ610CZSBNLOPP6/image-asset%EF%B9%96format=2500w.jpeg	/Users/daveblake/site-backups/dave-blake-sspro/images.squarespace-cdn.com/content/v1/54b09e7ce4b0755e628b618e/1611560914080-ZZ6KJNJ610CZSBNLOPP6/image-asset﹖format=2500w.jpeg	/assets/images/pages/home/1611560914080-ZZ6KJNJ610CZSBNLOPP6--image-asset-format-2500w.jpeg
/images.squarespace-cdn.com/content/v1/54b09e7ce4b0755e628b618e/1611560914080-ZZ6KJNJ610CZSBNLOPP6/image-asset%EF%B9%96format=750w.jpeg	/Users/daveblake/site-backups/dave-blake-sspro/images.squarespace-cdn.com/content/v1/54b09e7ce4b0755e628b618e/1611560914080-ZZ6KJNJ610CZSBNLOPP6/image-asset﹖format=750w.jpeg	/assets/images/pages/home/1611560914080-ZZ6KJNJ610CZSBNLOPP6--image-asset-format-750w.jpeg
/images.squarespace-cdn.com/content/v1/54b09e7ce4b0755e628b618e/1611560914080-ZZ6KJNJ610CZSBNLOPP6/image-asset.jpeg	/Users/daveblake/site-backups/dave-blake-sspro/images.squarespace-cdn.com/content/v1/54b09e7ce4b0755e628b618e/1611560914080-ZZ6KJNJ610CZSBNLOPP6/image-asset.jpeg	/assets/images/pages/home/1611560914080-ZZ6KJNJ610CZSBNLOPP6--image-asset.jpeg
/images.squarespace-cdn.com/content/v1/54b09e7ce4b0755e628b618e/1656661358573-5953X4SBGWFCF04QM1FP/image-asset%EF%B9%96format=1500w.jpeg	/Users/daveblake/site-backups/dave-blake-sspro/images.squarespace-cdn.com/content/v1/54b09e7ce4b0755e628b618e/1656661358573-5953X4SBGWFCF04QM1FP/image-asset﹖format=1500w.jpeg	/assets/images/pages/home/1656661358573-5953X4SBGWFCF04QM1FP--image-asset-format-1500w.jpeg
/images.squarespace-cdn.com/content/v1/54b09e7ce4b0755e628b618e/1656661358573-5953X4SBGWFCF04QM1FP/image-asset%EF%B9%96format=750w.jpeg	/Users/daveblake/site-backups/dave-blake-sspro/images.squarespace-cdn.com/content/v1/54b09e7ce4b0755e628b618e/1656661358573-5953X4SBGWFCF04QM1FP/image-asset﹖format=750w.jpeg	/assets/images/pages/home/1656661358573-5953X4SBGWFCF04QM1FP--image-asset-format-750w.jpeg
/images.squarespace-cdn.com/content/v1/54b09e7ce4b0755e628b618e/1656661358573-5953X4SBGWFCF04QM1FP/image-asset.jpeg	/Users/daveblake/site-backups/dave-blake-sspro/images.squarespace-cdn.com/content/v1/54b09e7ce4b0755e628b618e/1656661358573-5953X4SBGWFCF04QM1FP/image-asset.jpeg	/assets/images/pages/home/1656661358573-5953X4SBGWFCF04QM1FP--image-asset.jpeg
/images.squarespace-cdn.com/content/v1/54b09e7ce4b0755e628b618e/1669287554003-SZ4JD1NKQGHB7B75JOJO/image-asset%EF%B9%96format=2500w.jpeg	/Users/daveblake/site-backups/dave-blake-sspro/images.squarespace-cdn.com/content/v1/54b09e7ce4b0755e628b618e/1669287554003-SZ4JD1NKQGHB7B75JOJO/image-asset﹖format=2500w.jpeg	/assets/images/pages/home/1669287554003-SZ4JD1NKQGHB7B75JOJO--image-asset-format-2500w.jpeg
/images.squarespace-cdn.com/content/v1/54b09e7ce4b0755e628b618e/1669287554003-SZ4JD1NKQGHB7B75JOJO/image-asset%EF%B9%96format=750w.jpeg	/Users/daveblake/site-backups/dave-blake-sspro/images.squarespace-cdn.com/content/v1/54b09e7ce4b0755e628b618e/1669287554003-SZ4JD1NKQGHB7B75JOJO/image-asset﹖format=750w.jpeg	/assets/images/pages/home/1669287554003-SZ4JD1NKQGHB7B75JOJO--image-asset-format-750w.jpeg
/images.squarespace-cdn.com/content/v1/54b09e7ce4b0755e628b618e/1669287554003-SZ4JD1NKQGHB7B75JOJO/image-asset.jpeg	/Users/daveblake/site-backups/dave-blake-sspro/images.squarespace-cdn.com/content/v1/54b09e7ce4b0755e628b618e/1669287554003-SZ4JD1NKQGHB7B75JOJO/image-asset.jpeg	/assets/images/pages/home/1669287554003-SZ4JD1NKQGHB7B75JOJO--image-asset.jpeg
/images.squarespace-cdn.com/content/v1/54b09e7ce4b0755e628b618e/1692800565206-06Y60T9Z8YH5TMBJDRH6/DaveBlake_NYFW-OliviaVinten-001%EF%B9%96format=1500w.jpg	/Users/daveblake/site-backups/dave-blake-sspro/images.squarespace-cdn.com/content/v1/54b09e7ce4b0755e628b618e/1692800565206-06Y60T9Z8YH5TMBJDRH6/DaveBlake_NYFW-OliviaVinten-001﹖format=1500w.jpg	/assets/images/pages/home/1692800565206-06Y60T9Z8YH5TMBJDRH6--DaveBlake_NYFW-OliviaVinten-001-format-1500w.jpg
/images.squarespace-cdn.com/content/v1/54b09e7ce4b0755e628b618e/1692800565206-06Y60T9Z8YH5TMBJDRH6/DaveBlake_NYFW-OliviaVinten-001%EF%B9%96format=750w.jpg	/Users/daveblake/site-backups/dave-blake-sspro/images.squarespace-cdn.com/content/v1/54b09e7ce4b0755e628b618e/1692800565206-06Y60T9Z8YH5TMBJDRH6/DaveBlake_NYFW-OliviaVinten-001﹖format=750w.jpg	/assets/images/pages/home/1692800565206-06Y60T9Z8YH5TMBJDRH6--DaveBlake_NYFW-OliviaVinten-001-format-750w.jpg
/images.squarespace-cdn.com/content/v1/54b09e7ce4b0755e628b618e/1692800565206-06Y60T9Z8YH5TMBJDRH6/DaveBlake_NYFW-OliviaVinten-001.jpg	/Users/daveblake/site-backups/dave-blake-sspro/images.squarespace-cdn.com/content/v1/54b09e7ce4b0755e628b618e/1692800565206-06Y60T9Z8YH5TMBJDRH6/DaveBlake_NYFW-OliviaVinten-001.jpg	/assets/images/pages/home/1692800565206-06Y60T9Z8YH5TMBJDRH6--DaveBlake_NYFW-OliviaVinten-001.jpg
/images.squarespace-cdn.com/content/v1/54b09e7ce4b0755e628b618e/1692800620152-5G35S7JQJD1YPTZC7GJC/DaveBlake_BB-TestShoot-80sShorts-001%EF%B9%96format=2500w.jpg	/Users/daveblake/site-backups/dave-blake-sspro/images.squarespace-cdn.com/content/v1/54b09e7ce4b0755e628b618e/1692800620152-5G35S7JQJD1YPTZC7GJC/DaveBlake_BB-TestShoot-80sShorts-001﹖format=2500w.jpg	/assets/images/pages/home/1692800620152-5G35S7JQJD1YPTZC7GJC--DaveBlake_BB-TestShoot-80sShorts-001-format-2500w.jpg
/images.squarespace-cdn.com/content/v1/54b09e7ce4b0755e628b618e/1692800620152-5G35S7JQJD1YPTZC7GJC/DaveBlake_BB-TestShoot-80sShorts-001%EF%B9%96format=750w.jpg	/Users/daveblake/site-backups/dave-blake-sspro/images.squarespace-cdn.com/content/v1/54b09e7ce4b0755e628b618e/1692800620152-5G35S7JQJD1YPTZC7GJC/DaveBlake_BB-TestShoot-80sShorts-001﹖format=750w.jpg	/assets/images/pages/home/1692800620152-5G35S7JQJD1YPTZC7GJC--DaveBlake_BB-TestShoot-80sShorts-001-format-750w.jpg
/images.squarespace-cdn.com/content/v1/54b09e7ce4b0755e628b618e/1692800620152-5G35S7JQJD1YPTZC7GJC/DaveBlake_BB-TestShoot-80sShorts-001.jpg	/Users/daveblake/site-backups/dave-blake-sspro/images.squarespace-cdn.com/content/v1/54b09e7ce4b0755e628b618e/1692800620152-5G35S7JQJD1YPTZC7GJC/DaveBlake_BB-TestShoot-80sShorts-001.jpg	/assets/images/pages/home/1692800620152-5G35S7JQJD1YPTZC7GJC--DaveBlake_BB-TestShoot-80sShorts-001.jpg
/images.squarespace-cdn.com/content/v1/54b09e7ce4b0755e628b618e/1692800667481-OCVWRTRSTFDF9SIQBXL1/DaveBlake_BeautyShoot-LongLensTribute-001%EF%B9%96format=1500w.jpg	/Users/daveblake/site-backups/dave-blake-sspro/images.squarespace-cdn.com/content/v1/54b09e7ce4b0755e628b618e/1692800667481-OCVWRTRSTFDF9SIQBXL1/DaveBlake_BeautyShoot-LongLensTribute-001﹖format=1500w.jpg	/assets/images/pages/home/1692800667481-OCVWRTRSTFDF9SIQBXL1--DaveBlake_BeautyShoot-LongLensTribute-001-format-1500w.jpg
/images.squarespace-cdn.com/content/v1/54b09e7ce4b0755e628b618e/1692800667481-OCVWRTRSTFDF9SIQBXL1/DaveBlake_BeautyShoot-LongLensTribute-001%EF%B9%96format=750w.jpg	/Users/daveblake/site-backups/dave-blake-sspro/images.squarespace-cdn.com/content/v1/54b09e7ce4b0755e628b618e/1692800667481-OCVWRTRSTFDF9SIQBXL1/DaveBlake_BeautyShoot-LongLensTribute-001﹖format=750w.jpg	/assets/images/pages/home/1692800667481-OCVWRTRSTFDF9SIQBXL1--DaveBlake_BeautyShoot-LongLensTribute-001-format-750w.jpg
/images.squarespace-cdn.com/content/v1/54b09e7ce4b0755e628b618e/1692800667481-OCVWRTRSTFDF9SIQBXL1/DaveBlake_BeautyShoot-LongLensTribute-001.jpg	/Users/daveblake/site-backups/dave-blake-sspro/images.squarespace-cdn.com/content/v1/54b09e7ce4b0755e628b618e/1692800667481-OCVWRTRSTFDF9SIQBXL1/DaveBlake_BeautyShoot-LongLensTribute-001.jpg	/assets/images/pages/home/1692800667481-OCVWRTRSTFDF9SIQBXL1--DaveBlake_BeautyShoot-LongLensTribute-001.jpg
/images.squarespace-cdn.com/content/v1/54b09e7ce4b0755e628b618e/1692800746061-WOA4AGUF3MFCQVN3UBX5/DaveBlake_DenimShoot-JaseMotorcycle-001%EF%B9%96format=1500w.jpg	/Users/daveblake/site-backups/dave-blake-sspro/images.squarespace-cdn.com/content/v1/54b09e7ce4b0755e628b618e/1692800746061-WOA4AGUF3MFCQVN3UBX5/DaveBlake_DenimShoot-JaseMotorcycle-001﹖format=1500w.jpg	/assets/images/pages/home/1692800746061-WOA4AGUF3MFCQVN3UBX5--DaveBlake_DenimShoot-JaseMotorcycle-001-format-1500w.jpg
/images.squarespace-cdn.com/content/v1/54b09e7ce4b0755e628b618e/1692800746061-WOA4AGUF3MFCQVN3UBX5/DaveBlake_DenimShoot-JaseMotorcycle-001%EF%B9%96format=750w.jpg	/Users/daveblake/site-backups/dave-blake-sspro/images.squarespace-cdn.com/content/v1/54b09e7ce4b0755e628b618e/1692800746061-WOA4AGUF3MFCQVN3UBX5/DaveBlake_DenimShoot-JaseMotorcycle-001﹖format=750w.jpg	/assets/images/pages/home/1692800746061-WOA4AGUF3MFCQVN3UBX5--DaveBlake_DenimShoot-JaseMotorcycle-001-format-750w.jpg
/images.squarespace-cdn.com/content/v1/54b09e7ce4b0755e628b618e/1692800746061-WOA4AGUF3MFCQVN3UBX5/DaveBlake_DenimShoot-JaseMotorcycle-001.jpg	/Users/daveblake/site-backups/dave-blake-sspro/images.squarespace-cdn.com/content/v1/54b09e7ce4b0755e628b618e/1692800746061-WOA4AGUF3MFCQVN3UBX5/DaveBlake_DenimShoot-JaseMotorcycle-001.jpg	/assets/images/pages/home/1692800746061-WOA4AGUF3MFCQVN3UBX5--DaveBlake_DenimShoot-JaseMotorcycle-001.jpg
/images.squarespace-cdn.com/content/v1/54b09e7ce4b0755e628b618e/1692800784230-5SKHSED1F9H4XNWPMPDP/DaveBlake_FieldShoot-KateHorse-001%EF%B9%96format=1500w.jpg	/Users/daveblake/site-backups/dave-blake-sspro/images.squarespace-cdn.com/content/v1/54b09e7ce4b0755e628b618e/1692800784230-5SKHSED1F9H4XNWPMPDP/DaveBlake_FieldShoot-KateHorse-001﹖format=1500w.jpg	/assets/images/pages/home/1692800784230-5SKHSED1F9H4XNWPMPDP--DaveBlake_FieldShoot-KateHorse-001-format-1500w.jpg
/images.squarespace-cdn.com/content/v1/54b09e7ce4b0755e628b618e/1692800784230-5SKHSED1F9H4XNWPMPDP/DaveBlake_FieldShoot-KateHorse-001%EF%B9%96format=750w.jpg	/Users/daveblake/site-backups/dave-blake-sspro/images.squarespace-cdn.com/content/v1/54b09e7ce4b0755e628b618e/1692800784230-5SKHSED1F9H4XNWPMPDP/DaveBlake_FieldShoot-KateHorse-001﹖format=750w.jpg	/assets/images/pages/home/1692800784230-5SKHSED1F9H4XNWPMPDP--DaveBlake_FieldShoot-KateHorse-001-format-750w.jpg
/images.squarespace-cdn.com/content/v1/54b09e7ce4b0755e628b618e/1692800784230-5SKHSED1F9H4XNWPMPDP/DaveBlake_FieldShoot-KateHorse-001.jpg	/Users/daveblake/site-backups/dave-blake-sspro/images.squarespace-cdn.com/content/v1/54b09e7ce4b0755e628b618e/1692800784230-5SKHSED1F9H4XNWPMPDP/DaveBlake_FieldShoot-KateHorse-001.jpg	/assets/images/pages/home/1692800784230-5SKHSED1F9H4XNWPMPDP--DaveBlake_FieldShoot-KateHorse-001.jpg
/images.squarespace-cdn.com/content/v1/54b09e7ce4b0755e628b618e/1692800855501-5H733OVBLCRWUIDAC4MM/DaveBlake_GC-TestShoot-MichelleB-001%EF%B9%96format=2500w.jpg	/Users/daveblake/site-backups/dave-blake-sspro/images.squarespace-cdn.com/content/v1/54b09e7ce4b0755e628b618e/1692800855501-5H733OVBLCRWUIDAC4MM/DaveBlake_GC-TestShoot-MichelleB-001﹖format=2500w.jpg	/assets/images/pages/home/1692800855501-5H733OVBLCRWUIDAC4MM--DaveBlake_GC-TestShoot-MichelleB-001-format-2500w.jpg
/images.squarespace-cdn.com/content/v1/54b09e7ce4b0755e628b618e/1692800855501-5H733OVBLCRWUIDAC4MM/DaveBlake_GC-TestShoot-MichelleB-001%EF%B9%96format=750w.jpg	/Users/daveblake/site-backups/dave-blake-sspro/images.squarespace-cdn.com/content/v1/54b09e7ce4b0755e628b618e/1692800855501-5H733OVBLCRWUIDAC4MM/DaveBlake_GC-TestShoot-MichelleB-001﹖format=750w.jpg	/assets/images/pages/home/1692800855501-5H733OVBLCRWUIDAC4MM--DaveBlake_GC-TestShoot-MichelleB-001-format-750w.jpg
/images.squarespace-cdn.com/content/v1/54b09e7ce4b0755e628b618e/1692800855501-5H733OVBLCRWUIDAC4MM/DaveBlake_GC-TestShoot-MichelleB-001.jpg	/Users/daveblake/site-backups/dave-blake-sspro/images.squarespace-cdn.com/content/v1/54b09e7ce4b0755e628b618e/1692800855501-5H733OVBLCRWUIDAC4MM/DaveBlake_GC-TestShoot-MichelleB-001.jpg	/assets/images/pages/home/1692800855501-5H733OVBLCRWUIDAC4MM--DaveBlake_GC-TestShoot-MichelleB-001.jpg
/images.squarespace-cdn.com/content/v1/54b09e7ce4b0755e628b618e/1692800876558-EVOHXGVWGJD6XG4TSPM0/DaveBlake_GrittyPrettyShoot-BackDetail-001%EF%B9%96format=1500w.jpg	/Users/daveblake/site-backups/dave-blake-sspro/images.squarespace-cdn.com/content/v1/54b09e7ce4b0755e628b618e/1692800876558-EVOHXGVWGJD6XG4TSPM0/DaveBlake_GrittyPrettyShoot-BackDetail-001﹖format=1500w.jpg	/assets/images/pages/home/1692800876558-EVOHXGVWGJD6XG4TSPM0--DaveBlake_GrittyPrettyShoot-BackDetail-001-format-1500w.jpg
/images.squarespace-cdn.com/content/v1/54b09e7ce4b0755e628b618e/1692800876558-EVOHXGVWGJD6XG4TSPM0/DaveBlake_GrittyPrettyShoot-BackDetail-001%EF%B9%96format=750w.jpg	/Users/daveblake/site-backups/dave-blake-sspro/images.squarespace-cdn.com/content/v1/54b09e7ce4b0755e628b618e/1692800876558-EVOHXGVWGJD6XG4TSPM0/DaveBlake_GrittyPrettyShoot-BackDetail-001﹖format=750w.jpg	/assets/images/pages/home/1692800876558-EVOHXGVWGJD6XG4TSPM0--DaveBlake_GrittyPrettyShoot-BackDetail-001-format-750w.jpg
/images.squarespace-cdn.com/content/v1/54b09e7ce4b0755e628b618e/1692800876558-EVOHXGVWGJD6XG4TSPM0/DaveBlake_GrittyPrettyShoot-BackDetail-001.jpg	/Users/daveblake/site-backups/dave-blake-sspro/images.squarespace-cdn.com/content/v1/54b09e7ce4b0755e628b618e/1692800876558-EVOHXGVWGJD6XG4TSPM0/DaveBlake_GrittyPrettyShoot-BackDetail-001.jpg	/assets/images/pages/home/1692800876558-EVOHXGVWGJD6XG4TSPM0--DaveBlake_GrittyPrettyShoot-BackDetail-001.jpg
/images.squarespace-cdn.com/content/v1/54b09e7ce4b0755e628b618e/1692800957808-F2BMYBPHQFS32CFD99CD/DaveBlake_StudioBW-AnishaProfile-001%EF%B9%96format=2500w.jpg	/Users/daveblake/site-backups/dave-blake-sspro/images.squarespace-cdn.com/content/v1/54b09e7ce4b0755e628b618e/1692800957808-F2BMYBPHQFS32CFD99CD/DaveBlake_StudioBW-AnishaProfile-001﹖format=2500w.jpg	/assets/images/pages/home/1692800957808-F2BMYBPHQFS32CFD99CD--DaveBlake_StudioBW-AnishaProfile-001-format-2500w.jpg
/images.squarespace-cdn.com/content/v1/54b09e7ce4b0755e628b618e/1692800957808-F2BMYBPHQFS32CFD99CD/DaveBlake_StudioBW-AnishaProfile-001%EF%B9%96format=750w.jpg	/Users/daveblake/site-backups/dave-blake-sspro/images.squarespace-cdn.com/content/v1/54b09e7ce4b0755e628b618e/1692800957808-F2BMYBPHQFS32CFD99CD/DaveBlake_StudioBW-AnishaProfile-001﹖format=750w.jpg	/assets/images/pages/home/1692800957808-F2BMYBPHQFS32CFD99CD--DaveBlake_StudioBW-AnishaProfile-001-format-750w.jpg
/images.squarespace-cdn.com/content/v1/54b09e7ce4b0755e628b618e/1692800957808-F2BMYBPHQFS32CFD99CD/DaveBlake_StudioBW-AnishaProfile-001.jpg	/Users/daveblake/site-backups/dave-blake-sspro/images.squarespace-cdn.com/content/v1/54b09e7ce4b0755e628b618e/1692800957808-F2BMYBPHQFS32CFD99CD/DaveBlake_StudioBW-AnishaProfile-001.jpg	/assets/images/pages/home/1692800957808-F2BMYBPHQFS32CFD99CD--DaveBlake_StudioBW-AnishaProfile-001.jpg
/images.squarespace-cdn.com/content/v1/54b09e7ce4b0755e628b618e/1692800996989-PQ60YTCIJOFSZAEB1DUW/image-asset%EF%B9%96format=1500w.jpeg	/Users/daveblake/site-backups/dave-blake-sspro/images.squarespace-cdn.com/content/v1/54b09e7ce4b0755e628b618e/1692800996989-PQ60YTCIJOFSZAEB1DUW/image-asset﹖format=1500w.jpeg	/assets/images/pages/home/1692800996989-PQ60YTCIJOFSZAEB1DUW--image-asset-format-1500w.jpeg
/images.squarespace-cdn.com/content/v1/54b09e7ce4b0755e628b618e/1692800996989-PQ60YTCIJOFSZAEB1DUW/image-asset%EF%B9%96format=750w.jpeg	/Users/daveblake/site-backups/dave-blake-sspro/images.squarespace-cdn.com/content/v1/54b09e7ce4b0755e628b618e/1692800996989-PQ60YTCIJOFSZAEB1DUW/image-asset﹖format=750w.jpeg	/assets/images/pages/home/1692800996989-PQ60YTCIJOFSZAEB1DUW--image-asset-format-750w.jpeg
/images.squarespace-cdn.com/content/v1/54b09e7ce4b0755e628b618e/1692800996989-PQ60YTCIJOFSZAEB1DUW/image-asset.jpeg	/Users/daveblake/site-backups/dave-blake-sspro/images.squarespace-cdn.com/content/v1/54b09e7ce4b0755e628b618e/1692800996989-PQ60YTCIJOFSZAEB1DUW/image-asset.jpeg	/assets/images/pages/home/1692800996989-PQ60YTCIJOFSZAEB1DUW--image-asset.jpeg
/images.squarespace-cdn.com/content/v1/54b09e7ce4b0755e628b618e/1692801026986-VROMPKVDBMIA5606LUGD/DaveBlake_StudioShoot-BelleVive-001%EF%B9%96format=1500w.jpg	/Users/daveblake/site-backups/dave-blake-sspro/images.squarespace-cdn.com/content/v1/54b09e7ce4b0755e628b618e/1692801026986-VROMPKVDBMIA5606LUGD/DaveBlake_StudioShoot-BelleVive-001﹖format=1500w.jpg	/assets/images/pages/home/1692801026986-VROMPKVDBMIA5606LUGD--DaveBlake_StudioShoot-BelleVive-001-format-1500w.jpg
/images.squarespace-cdn.com/content/v1/54b09e7ce4b0755e628b618e/1692801026986-VROMPKVDBMIA5606LUGD/DaveBlake_StudioShoot-BelleVive-001%EF%B9%96format=750w.jpg	/Users/daveblake/site-backups/dave-blake-sspro/images.squarespace-cdn.com/content/v1/54b09e7ce4b0755e628b618e/1692801026986-VROMPKVDBMIA5606LUGD/DaveBlake_StudioShoot-BelleVive-001﹖format=750w.jpg	/assets/images/pages/home/1692801026986-VROMPKVDBMIA5606LUGD--DaveBlake_StudioShoot-BelleVive-001-format-750w.jpg
/images.squarespace-cdn.com/content/v1/54b09e7ce4b0755e628b618e/1692801026986-VROMPKVDBMIA5606LUGD/DaveBlake_StudioShoot-BelleVive-001.jpg	/Users/daveblake/site-backups/dave-blake-sspro/images.squarespace-cdn.com/content/v1/54b09e7ce4b0755e628b618e/1692801026986-VROMPKVDBMIA5606LUGD/DaveBlake_StudioShoot-BelleVive-001.jpg	/assets/images/pages/home/1692801026986-VROMPKVDBMIA5606LUGD--DaveBlake_StudioShoot-BelleVive-001.jpg
/images.squarespace-cdn.com/content/v1/54b09e7ce4b0755e628b618e/1692801053992-RKFLHS138APOX3ZXT8T0/DaveBlake_SwimwearShoot-ElleTimeless-001%EF%B9%96format=1500w.jpg	/Users/daveblake/site-backups/dave-blake-sspro/images.squarespace-cdn.com/content/v1/54b09e7ce4b0755e628b618e/1692801053992-RKFLHS138APOX3ZXT8T0/DaveBlake_SwimwearShoot-ElleTimeless-001﹖format=1500w.jpg	/assets/images/pages/home/1692801053992-RKFLHS138APOX3ZXT8T0--DaveBlake_SwimwearShoot-ElleTimeless-001-format-1500w.jpg
/images.squarespace-cdn.com/content/v1/54b09e7ce4b0755e628b618e/1692801053992-RKFLHS138APOX3ZXT8T0/DaveBlake_SwimwearShoot-ElleTimeless-001%EF%B9%96format=750w.jpg	/Users/daveblake/site-backups/dave-blake-sspro/images.squarespace-cdn.com/content/v1/54b09e7ce4b0755e628b618e/1692801053992-RKFLHS138APOX3ZXT8T0/DaveBlake_SwimwearShoot-ElleTimeless-001﹖format=750w.jpg	/assets/images/pages/home/1692801053992-RKFLHS138APOX3ZXT8T0--DaveBlake_SwimwearShoot-ElleTimeless-001-format-750w.jpg
/images.squarespace-cdn.com/content/v1/54b09e7ce4b0755e628b618e/1692801053992-RKFLHS138APOX3ZXT8T0/DaveBlake_SwimwearShoot-ElleTimeless-001.jpg	/Users/daveblake/site-backups/dave-blake-sspro/images.squarespace-cdn.com/content/v1/54b09e7ce4b0755e628b618e/1692801053992-RKFLHS138APOX3ZXT8T0/DaveBlake_SwimwearShoot-ElleTimeless-001.jpg	/assets/images/pages/home/1692801053992-RKFLHS138APOX3ZXT8T0--DaveBlake_SwimwearShoot-ElleTimeless-001.jpg
/images.squarespace-cdn.com/content/v1/54b09e7ce4b0755e628b618e/1694271713315-0V9AMVWGQ1MGJUVV5LS3/DaveBlake_EktachromeShoot-BronteSun-001-1%EF%B9%96format=1500w.jpg	/Users/daveblake/site-backups/dave-blake-sspro/images.squarespace-cdn.com/content/v1/54b09e7ce4b0755e628b618e/1694271713315-0V9AMVWGQ1MGJUVV5LS3/DaveBlake_EktachromeShoot-BronteSun-001-1﹖format=1500w.jpg	/assets/images/pages/home/1694271713315-0V9AMVWGQ1MGJUVV5LS3--DaveBlake_EktachromeShoot-BronteSun-001-1-format-1500w.jpg
/images.squarespace-cdn.com/content/v1/54b09e7ce4b0755e628b618e/1694271713315-0V9AMVWGQ1MGJUVV5LS3/DaveBlake_EktachromeShoot-BronteSun-001-1%EF%B9%96format=750w.jpg	/Users/daveblake/site-backups/dave-blake-sspro/images.squarespace-cdn.com/content/v1/54b09e7ce4b0755e628b618e/1694271713315-0V9AMVWGQ1MGJUVV5LS3/DaveBlake_EktachromeShoot-BronteSun-001-1﹖format=750w.jpg	/assets/images/pages/home/1694271713315-0V9AMVWGQ1MGJUVV5LS3--DaveBlake_EktachromeShoot-BronteSun-001-1-format-750w.jpg
/images.squarespace-cdn.com/content/v1/54b09e7ce4b0755e628b618e/1694271713315-0V9AMVWGQ1MGJUVV5LS3/DaveBlake_EktachromeShoot-BronteSun-001-1.jpg	/Users/daveblake/site-backups/dave-blake-sspro/images.squarespace-cdn.com/content/v1/54b09e7ce4b0755e628b618e/1694271713315-0V9AMVWGQ1MGJUVV5LS3/DaveBlake_EktachromeShoot-BronteSun-001-1.jpg	/assets/images/pages/home/1694271713315-0V9AMVWGQ1MGJUVV5LS3--DaveBlake_EktachromeShoot-BronteSun-001-1.jpg
/images.squarespace-cdn.com/content/v1/54b09e7ce4b0755e628b618e/1697810802255-Z547X6PPFJB1ODPLCRS0/image-asset%EF%B9%96format=2500w.jpeg	/Users/daveblake/site-backups/dave-blake-sspro/images.squarespace-cdn.com/content/v1/54b09e7ce4b0755e628b618e/1697810802255-Z547X6PPFJB1ODPLCRS0/image-asset﹖format=2500w.jpeg	/assets/images/pages/home/1697810802255-Z547X6PPFJB1ODPLCRS0--image-asset-format-2500w.jpeg
/images.squarespace-cdn.com/content/v1/54b09e7ce4b0755e628b618e/1697810802255-Z547X6PPFJB1ODPLCRS0/image-asset%EF%B9%96format=750w.jpeg	/Users/daveblake/site-backups/dave-blake-sspro/images.squarespace-cdn.com/content/v1/54b09e7ce4b0755e628b618e/1697810802255-Z547X6PPFJB1ODPLCRS0/image-asset﹖format=750w.jpeg	/assets/images/pages/home/1697810802255-Z547X6PPFJB1ODPLCRS0--image-asset-format-750w.jpeg
/images.squarespace-cdn.com/content/v1/54b09e7ce4b0755e628b618e/1697810802255-Z547X6PPFJB1ODPLCRS0/image-asset.jpeg	/Users/daveblake/site-backups/dave-blake-sspro/images.squarespace-cdn.com/content/v1/54b09e7ce4b0755e628b618e/1697810802255-Z547X6PPFJB1ODPLCRS0/image-asset.jpeg	/assets/images/pages/home/1697810802255-Z547X6PPFJB1ODPLCRS0--image-asset.jpeg
/images.squarespace-cdn.com/content/v1/54b09e7ce4b0755e628b618e/1697810911253-FKMN02SKOJ0LG1J05Y7Z/DaveBlake_COACH-Remix-TrainEditorial-001_47%EF%B9%96format=1500w.jpg	/Users/daveblake/site-backups/dave-blake-sspro/images.squarespace-cdn.com/content/v1/54b09e7ce4b0755e628b618e/1697810911253-FKMN02SKOJ0LG1J05Y7Z/DaveBlake_COACH-Remix-TrainEditorial-001_47﹖format=1500w.jpg	/assets/images/pages/home/1697810911253-FKMN02SKOJ0LG1J05Y7Z--DaveBlake_COACH-Remix-TrainEditorial-001_47-format-1500w.jpg
/images.squarespace-cdn.com/content/v1/54b09e7ce4b0755e628b618e/1697810911253-FKMN02SKOJ0LG1J05Y7Z/DaveBlake_COACH-Remix-TrainEditorial-001_47%EF%B9%96format=750w.jpg	/Users/daveblake/site-backups/dave-blake-sspro/images.squarespace-cdn.com/content/v1/54b09e7ce4b0755e628b618e/1697810911253-FKMN02SKOJ0LG1J05Y7Z/DaveBlake_COACH-Remix-TrainEditorial-001_47﹖format=750w.jpg	/assets/images/pages/home/1697810911253-FKMN02SKOJ0LG1J05Y7Z--DaveBlake_COACH-Remix-TrainEditorial-001_47-format-750w.jpg
/images.squarespace-cdn.com/content/v1/54b09e7ce4b0755e628b618e/1697810911253-FKMN02SKOJ0LG1J05Y7Z/DaveBlake_COACH-Remix-TrainEditorial-001_47.jpg	/Users/daveblake/site-backups/dave-blake-sspro/images.squarespace-cdn.com/content/v1/54b09e7ce4b0755e628b618e/1697810911253-FKMN02SKOJ0LG1J05Y7Z/DaveBlake_COACH-Remix-TrainEditorial-001_47.jpg	/assets/images/pages/home/1697810911253-FKMN02SKOJ0LG1J05Y7Z--DaveBlake_COACH-Remix-TrainEditorial-001_47.jpg
/images.squarespace-cdn.com/content/v1/54b09e7ce4b0755e628b618e/1700524612248-2W3KGFLBQG7I3LAA2TX6/by_Dave_Blake_20220129_Flower4778__2022_1%EF%B9%96format=1500w.jpg	/Users/daveblake/site-backups/dave-blake-sspro/images.squarespace-cdn.com/content/v1/54b09e7ce4b0755e628b618e/1700524612248-2W3KGFLBQG7I3LAA2TX6/by_Dave_Blake_20220129_Flower4778__2022_1﹖format=1500w.jpg	/assets/images/pages/home/1700524612248-2W3KGFLBQG7I3LAA2TX6--by_Dave_Blake_20220129_Flower4778__2022_1-format-1500w.jpg
/images.squarespace-cdn.com/content/v1/54b09e7ce4b0755e628b618e/1700524612248-2W3KGFLBQG7I3LAA2TX6/by_Dave_Blake_20220129_Flower4778__2022_1%EF%B9%96format=750w.jpg	/Users/daveblake/site-backups/dave-blake-sspro/images.squarespace-cdn.com/content/v1/54b09e7ce4b0755e628b618e/1700524612248-2W3KGFLBQG7I3LAA2TX6/by_Dave_Blake_20220129_Flower4778__2022_1﹖format=750w.jpg	/assets/images/pages/home/1700524612248-2W3KGFLBQG7I3LAA2TX6--by_Dave_Blake_20220129_Flower4778__2022_1-format-750w.jpg
/images.squarespace-cdn.com/content/v1/54b09e7ce4b0755e628b618e/1700524612248-2W3KGFLBQG7I3LAA2TX6/by_Dave_Blake_20220129_Flower4778__2022_1.jpg	/Users/daveblake/site-backups/dave-blake-sspro/images.squarespace-cdn.com/content/v1/54b09e7ce4b0755e628b618e/1700524612248-2W3KGFLBQG7I3LAA2TX6/by_Dave_Blake_20220129_Flower4778__2022_1.jpg	/assets/images/pages/home/1700524612248-2W3KGFLBQG7I3LAA2TX6--by_Dave_Blake_20220129_Flower4778__2022_1.jpg
/images.squarespace-cdn.com/content/v1/54b09e7ce4b0755e628b618e/1704319593468-62O3E8JX8RNDNNV4LMK4/LH_0804+1.jpg	/Users/daveblake/site-backups/dave-blake-sspro/images.squarespace-cdn.com/content/v1/54b09e7ce4b0755e628b618e/1704319593468-62O3E8JX8RNDNNV4LMK4/LH_0804+1.jpg	/assets/images/pages/home/1704319593468-62O3E8JX8RNDNNV4LMK4--LH_0804-1.jpg
/images.squarespace-cdn.com/content/v1/54b09e7ce4b0755e628b618e/1704319593468-62O3E8JX8RNDNNV4LMK4/LH_0804+1.jpg%EF%B9%96format=2500w.jpg	/Users/daveblake/site-backups/dave-blake-sspro/images.squarespace-cdn.com/content/v1/54b09e7ce4b0755e628b618e/1704319593468-62O3E8JX8RNDNNV4LMK4/LH_0804+1.jpg﹖format=2500w.jpg	/assets/images/pages/home/1704319593468-62O3E8JX8RNDNNV4LMK4--LH_0804-1.jpg-format-2500w.jpg
/images.squarespace-cdn.com/content/v1/54b09e7ce4b0755e628b618e/1704319593468-62O3E8JX8RNDNNV4LMK4/LH_0804+1.jpg%EF%B9%96format=750w.jpg	/Users/daveblake/site-backups/dave-blake-sspro/images.squarespace-cdn.com/content/v1/54b09e7ce4b0755e628b618e/1704319593468-62O3E8JX8RNDNNV4LMK4/LH_0804+1.jpg﹖format=750w.jpg	/assets/images/pages/home/1704319593468-62O3E8JX8RNDNNV4LMK4--LH_0804-1.jpg-format-750w.jpg
/images.squarespace-cdn.com/content/v1/54b09e7ce4b0755e628b618e/1704319594356-PCIBHI3598X43ST12A7R/LH_0403+1.jpg	/Users/daveblake/site-backups/dave-blake-sspro/images.squarespace-cdn.com/content/v1/54b09e7ce4b0755e628b618e/1704319594356-PCIBHI3598X43ST12A7R/LH_0403+1.jpg	/assets/images/pages/home/1704319594356-PCIBHI3598X43ST12A7R--LH_0403-1.jpg
/images.squarespace-cdn.com/content/v1/54b09e7ce4b0755e628b618e/1704319594356-PCIBHI3598X43ST12A7R/LH_0403+1.jpg%EF%B9%96format=1500w.jpg	/Users/daveblake/site-backups/dave-blake-sspro/images.squarespace-cdn.com/content/v1/54b09e7ce4b0755e628b618e/1704319594356-PCIBHI3598X43ST12A7R/LH_0403+1.jpg﹖format=1500w.jpg	/assets/images/pages/home/1704319594356-PCIBHI3598X43ST12A7R--LH_0403-1.jpg-format-1500w.jpg
/images.squarespace-cdn.com/content/v1/54b09e7ce4b0755e628b618e/1704319594356-PCIBHI3598X43ST12A7R/LH_0403+1.jpg%EF%B9%96format=750w.jpg	/Users/daveblake/site-backups/dave-blake-sspro/images.squarespace-cdn.com/content/v1/54b09e7ce4b0755e628b618e/1704319594356-PCIBHI3598X43ST12A7R/LH_0403+1.jpg﹖format=750w.jpg	/assets/images/pages/home/1704319594356-PCIBHI3598X43ST12A7R--LH_0403-1.jpg-format-750w.jpg
/images.squarespace-cdn.com/content/v1/54b09e7ce4b0755e628b618e/1704319595112-2ISER65HSD4Q4PI81OTG/LH_0300.jpg	/Users/daveblake/site-backups/dave-blake-sspro/images.squarespace-cdn.com/content/v1/54b09e7ce4b0755e628b618e/1704319595112-2ISER65HSD4Q4PI81OTG/LH_0300.jpg	/assets/images/pages/home/1704319595112-2ISER65HSD4Q4PI81OTG--LH_0300.jpg
/images.squarespace-cdn.com/content/v1/54b09e7ce4b0755e628b618e/1704319595112-2ISER65HSD4Q4PI81OTG/LH_0300.jpg%EF%B9%96format=2500w.jpg	/Users/daveblake/site-backups/dave-blake-sspro/images.squarespace-cdn.com/content/v1/54b09e7ce4b0755e628b618e/1704319595112-2ISER65HSD4Q4PI81OTG/LH_0300.jpg﹖format=2500w.jpg	/assets/images/pages/home/1704319595112-2ISER65HSD4Q4PI81OTG--LH_0300.jpg-format-2500w.jpg
/images.squarespace-cdn.com/content/v1/54b09e7ce4b0755e628b618e/1704319595112-2ISER65HSD4Q4PI81OTG/LH_0300.jpg%EF%B9%96format=750w.jpg	/Users/daveblake/site-backups/dave-blake-sspro/images.squarespace-cdn.com/content/v1/54b09e7ce4b0755e628b618e/1704319595112-2ISER65HSD4Q4PI81OTG/LH_0300.jpg﹖format=750w.jpg	/assets/images/pages/home/1704319595112-2ISER65HSD4Q4PI81OTG--LH_0300.jpg-format-750w.jpg
/images.squarespace-cdn.com/content/v1/54b09e7ce4b0755e628b618e/1705690802052-ZS78PHXZNXR4DSB4PQBS/DaveBlake-JasmineDwyer_91%EF%B9%96format=2500w.jpg	/Users/daveblake/site-backups/dave-blake-sspro/images.squarespace-cdn.com/content/v1/54b09e7ce4b0755e628b618e/1705690802052-ZS78PHXZNXR4DSB4PQBS/DaveBlake-JasmineDwyer_91﹖format=2500w.jpg	/assets/images/pages/home/1705690802052-ZS78PHXZNXR4DSB4PQBS--DaveBlake-JasmineDwyer_91-format-2500w.jpg
/images.squarespace-cdn.com/content/v1/54b09e7ce4b0755e628b618e/1705690802052-ZS78PHXZNXR4DSB4PQBS/DaveBlake-JasmineDwyer_91%EF%B9%96format=750w.jpg	/Users/daveblake/site-backups/dave-blake-sspro/images.squarespace-cdn.com/content/v1/54b09e7ce4b0755e628b618e/1705690802052-ZS78PHXZNXR4DSB4PQBS/DaveBlake-JasmineDwyer_91﹖format=750w.jpg	/assets/images/pages/home/1705690802052-ZS78PHXZNXR4DSB4PQBS--DaveBlake-JasmineDwyer_91-format-750w.jpg
/images.squarespace-cdn.com/content/v1/54b09e7ce4b0755e628b618e/1705690802052-ZS78PHXZNXR4DSB4PQBS/DaveBlake-JasmineDwyer_91.jpg	/Users/daveblake/site-backups/dave-blake-sspro/images.squarespace-cdn.com/content/v1/54b09e7ce4b0755e628b618e/1705690802052-ZS78PHXZNXR4DSB4PQBS/DaveBlake-JasmineDwyer_91.jpg	/assets/images/pages/home/1705690802052-ZS78PHXZNXR4DSB4PQBS--DaveBlake-JasmineDwyer_91.jpg
/images.squarespace-cdn.com/content/v1/54b09e7ce4b0755e628b618e/1707872539871-GOZ99GHTWAK8Q3NL5VE4/DaveBlake_BeautyStory-RosesAndRevelations-001_159%EF%B9%96format=1500w.jpg	/Users/daveblake/site-backups/dave-blake-sspro/images.squarespace-cdn.com/content/v1/54b09e7ce4b0755e628b618e/1707872539871-GOZ99GHTWAK8Q3NL5VE4/DaveBlake_BeautyStory-RosesAndRevelations-001_159﹖format=1500w.jpg	/assets/images/pages/home/1707872539871-GOZ99GHTWAK8Q3NL5VE4--DaveBlake_BeautyStory-RosesAndRevelations-001_159-format-1500w.jpg
/images.squarespace-cdn.com/content/v1/54b09e7ce4b0755e628b618e/1707872539871-GOZ99GHTWAK8Q3NL5VE4/DaveBlake_BeautyStory-RosesAndRevelations-001_159%EF%B9%96format=750w.jpg	/Users/daveblake/site-backups/dave-blake-sspro/images.squarespace-cdn.com/content/v1/54b09e7ce4b0755e628b618e/1707872539871-GOZ99GHTWAK8Q3NL5VE4/DaveBlake_BeautyStory-RosesAndRevelations-001_159﹖format=750w.jpg	/assets/images/pages/home/1707872539871-GOZ99GHTWAK8Q3NL5VE4--DaveBlake_BeautyStory-RosesAndRevelations-001_159-format-750w.jpg
/images.squarespace-cdn.com/content/v1/54b09e7ce4b0755e628b618e/1707872539871-GOZ99GHTWAK8Q3NL5VE4/DaveBlake_BeautyStory-RosesAndRevelations-001_159.jpg	/Users/daveblake/site-backups/dave-blake-sspro/images.squarespace-cdn.com/content/v1/54b09e7ce4b0755e628b618e/1707872539871-GOZ99GHTWAK8Q3NL5VE4/DaveBlake_BeautyStory-RosesAndRevelations-001_159.jpg	/assets/images/pages/home/1707872539871-GOZ99GHTWAK8Q3NL5VE4--DaveBlake_BeautyStory-RosesAndRevelations-001_159.jpg
/images.squarespace-cdn.com/content/v1/54b09e7ce4b0755e628b618e/1708270832256-0DID4OYPXLZJ1HA50RR3/DaveBlake_CoachFW24-Street_20%EF%B9%96format=1500w.jpg	/Users/daveblake/site-backups/dave-blake-sspro/images.squarespace-cdn.com/content/v1/54b09e7ce4b0755e628b618e/1708270832256-0DID4OYPXLZJ1HA50RR3/DaveBlake_CoachFW24-Street_20﹖format=1500w.jpg	/assets/images/pages/home/1708270832256-0DID4OYPXLZJ1HA50RR3--DaveBlake_CoachFW24-Street_20-format-1500w.jpg
/images.squarespace-cdn.com/content/v1/54b09e7ce4b0755e628b618e/1708270832256-0DID4OYPXLZJ1HA50RR3/DaveBlake_CoachFW24-Street_20%EF%B9%96format=750w.jpg	/Users/daveblake/site-backups/dave-blake-sspro/images.squarespace-cdn.com/content/v1/54b09e7ce4b0755e628b618e/1708270832256-0DID4OYPXLZJ1HA50RR3/DaveBlake_CoachFW24-Street_20﹖format=750w.jpg	/assets/images/pages/home/1708270832256-0DID4OYPXLZJ1HA50RR3--DaveBlake_CoachFW24-Street_20-format-750w.jpg
/images.squarespace-cdn.com/content/v1/54b09e7ce4b0755e628b618e/1708270832256-0DID4OYPXLZJ1HA50RR3/DaveBlake_CoachFW24-Street_20.jpg	/Users/daveblake/site-backups/dave-blake-sspro/images.squarespace-cdn.com/content/v1/54b09e7ce4b0755e628b618e/1708270832256-0DID4OYPXLZJ1HA50RR3/DaveBlake_CoachFW24-Street_20.jpg	/assets/images/pages/home/1708270832256-0DID4OYPXLZJ1HA50RR3--DaveBlake_CoachFW24-Street_20.jpg
/images.squarespace-cdn.com/content/v1/54b09e7ce4b0755e628b618e/1711561364904-VMNMQSHX0E9SS6B4F8Z9/DaveBlake-MelanieAydee-gosee_039_1%EF%B9%96format=1500w.jpg	/Users/daveblake/site-backups/dave-blake-sspro/images.squarespace-cdn.com/content/v1/54b09e7ce4b0755e628b618e/1711561364904-VMNMQSHX0E9SS6B4F8Z9/DaveBlake-MelanieAydee-gosee_039_1﹖format=1500w.jpg	/assets/images/pages/home/1711561364904-VMNMQSHX0E9SS6B4F8Z9--DaveBlake-MelanieAydee-gosee_039_1-format-1500w.jpg
/images.squarespace-cdn.com/content/v1/54b09e7ce4b0755e628b618e/1711561364904-VMNMQSHX0E9SS6B4F8Z9/DaveBlake-MelanieAydee-gosee_039_1%EF%B9%96format=750w.jpg	/Users/daveblake/site-backups/dave-blake-sspro/images.squarespace-cdn.com/content/v1/54b09e7ce4b0755e628b618e/1711561364904-VMNMQSHX0E9SS6B4F8Z9/DaveBlake-MelanieAydee-gosee_039_1﹖format=750w.jpg	/assets/images/pages/home/1711561364904-VMNMQSHX0E9SS6B4F8Z9--DaveBlake-MelanieAydee-gosee_039_1-format-750w.jpg
/images.squarespace-cdn.com/content/v1/54b09e7ce4b0755e628b618e/1711561364904-VMNMQSHX0E9SS6B4F8Z9/DaveBlake-MelanieAydee-gosee_039_1.jpg	/Users/daveblake/site-backups/dave-blake-sspro/images.squarespace-cdn.com/content/v1/54b09e7ce4b0755e628b618e/1711561364904-VMNMQSHX0E9SS6B4F8Z9/DaveBlake-MelanieAydee-gosee_039_1.jpg	/assets/images/pages/home/1711561364904-VMNMQSHX0E9SS6B4F8Z9--DaveBlake-MelanieAydee-gosee_039_1.jpg
/images.squarespace-cdn.com/content/v1/54b09e7ce4b0755e628b618e/1711564670858-LSZEPUZP0V9SY0J14KL4/DaveBlake-MelanieAydee-gosee_215_1%EF%B9%96format=1500w.jpg	/Users/daveblake/site-backups/dave-blake-sspro/images.squarespace-cdn.com/content/v1/54b09e7ce4b0755e628b618e/1711564670858-LSZEPUZP0V9SY0J14KL4/DaveBlake-MelanieAydee-gosee_215_1﹖format=1500w.jpg	/assets/images/pages/home/1711564670858-LSZEPUZP0V9SY0J14KL4--DaveBlake-MelanieAydee-gosee_215_1-format-1500w.jpg
/images.squarespace-cdn.com/content/v1/54b09e7ce4b0755e628b618e/1711564670858-LSZEPUZP0V9SY0J14KL4/DaveBlake-MelanieAydee-gosee_215_1%EF%B9%96format=750w.jpg	/Users/daveblake/site-backups/dave-blake-sspro/images.squarespace-cdn.com/content/v1/54b09e7ce4b0755e628b618e/1711564670858-LSZEPUZP0V9SY0J14KL4/DaveBlake-MelanieAydee-gosee_215_1﹖format=750w.jpg	/assets/images/pages/home/1711564670858-LSZEPUZP0V9SY0J14KL4--DaveBlake-MelanieAydee-gosee_215_1-format-750w.jpg
/images.squarespace-cdn.com/content/v1/54b09e7ce4b0755e628b618e/1711564670858-LSZEPUZP0V9SY0J14KL4/DaveBlake-MelanieAydee-gosee_215_1.jpg	/Users/daveblake/site-backups/dave-blake-sspro/images.squarespace-cdn.com/content/v1/54b09e7ce4b0755e628b618e/1711564670858-LSZEPUZP0V9SY0J14KL4/DaveBlake-MelanieAydee-gosee_215_1.jpg	/assets/images/pages/home/1711564670858-LSZEPUZP0V9SY0J14KL4--DaveBlake-MelanieAydee-gosee_215_1.jpg
/images.squarespace-cdn.com/content/v1/54b09e7ce4b0755e628b618e/1741586027972-TXFENMPN94442E8I42ZC/DaveBlake_isabelle-marcovich-beach-shoot-byron-bay_660%EF%B9%96format=2500w.jpg	/Users/daveblake/site-backups/dave-blake-sspro/images.squarespace-cdn.com/content/v1/54b09e7ce4b0755e628b618e/1741586027972-TXFENMPN94442E8I42ZC/DaveBlake_isabelle-marcovich-beach-shoot-byron-bay_660﹖format=2500w.jpg	/assets/images/pages/home/1741586027972-TXFENMPN94442E8I42ZC--DaveBlake_isabelle-marcovich-beach-shoot-byron-bay_660-format-2500w.jpg
/images.squarespace-cdn.com/content/v1/54b09e7ce4b0755e628b618e/1741586027972-TXFENMPN94442E8I42ZC/DaveBlake_isabelle-marcovich-beach-shoot-byron-bay_660%EF%B9%96format=750w.jpg	/Users/daveblake/site-backups/dave-blake-sspro/images.squarespace-cdn.com/content/v1/54b09e7ce4b0755e628b618e/1741586027972-TXFENMPN94442E8I42ZC/DaveBlake_isabelle-marcovich-beach-shoot-byron-bay_660﹖format=750w.jpg	/assets/images/pages/home/1741586027972-TXFENMPN94442E8I42ZC--DaveBlake_isabelle-marcovich-beach-shoot-byron-bay_660-format-750w.jpg
/images.squarespace-cdn.com/content/v1/54b09e7ce4b0755e628b618e/1741586027972-TXFENMPN94442E8I42ZC/DaveBlake_isabelle-marcovich-beach-shoot-byron-bay_660.jpg	/Users/daveblake/site-backups/dave-blake-sspro/images.squarespace-cdn.com/content/v1/54b09e7ce4b0755e628b618e/1741586027972-TXFENMPN94442E8I42ZC/DaveBlake_isabelle-marcovich-beach-shoot-byron-bay_660.jpg	/assets/images/pages/home/1741586027972-TXFENMPN94442E8I42ZC--DaveBlake_isabelle-marcovich-beach-shoot-byron-bay_660.jpg
/images.squarespace-cdn.com/content/v1/54b09e7ce4b0755e628b618e/e63ceb88-8a07-4811-a50b-d131f9388870/dave-blake-02-copper%EF%B9%96format=750w.png	/Users/daveblake/site-backups/dave-blake-sspro/images.squarespace-cdn.com/content/v1/54b09e7ce4b0755e628b618e/e63ceb88-8a07-4811-a50b-d131f9388870/dave-blake-02-copper﹖format=750w.png	/assets/images/pages/home/e63ceb88-8a07-4811-a50b-d131f9388870--dave-blake-02-copper-format-750w.png
/images.squarespace-cdn.com/index.txt	/Users/daveblake/site-backups/dave-blake-sspro/images.squarespace-cdn.com/index.txt	/assets/images/pages/home/images.squarespace-cdn.com--index.txt
