path	size_bytes
assets/images/pages/home/mirror/home-mirror-001.png	59556
assets/images/pages/home/mirror/home-mirror-002.jpg	211306
assets/images/pages/home/mirror/home-mirror-003.png	20492
assets/images/pages/home/mirror/home-mirror-004.jpeg	1615514
assets/images/pages/home/mirror/home-mirror-005.jpeg	226172
assets/images/pages/home/mirror/home-mirror-006.jpeg	1615514
assets/images/pages/home/mirror/home-mirror-007.jpeg	33694
assets/images/pages/home/mirror/home-mirror-008.jpeg	33694
assets/images/pages/home/mirror/home-mirror-009.jpeg	33694
assets/images/pages/home/mirror/home-mirror-010.jpeg	5416
assets/images/pages/home/mirror/home-mirror-011.jpeg	5416
assets/images/pages/home/mirror/home-mirror-012.jpeg	5416
assets/images/pages/home/mirror/home-mirror-013.jpeg	6946
assets/images/pages/home/mirror/home-mirror-014.jpeg	6946
assets/images/pages/home/mirror/home-mirror-015.jpeg	6946
assets/images/pages/home/mirror/home-mirror-016.jpg	262085
assets/images/pages/home/mirror/home-mirror-017.jpg	224424
assets/images/pages/home/mirror/home-mirror-018.jpg	262085
assets/images/pages/home/mirror/home-mirror-019.jpg	296073
assets/images/pages/home/mirror/home-mirror-020.jpg	211481
assets/images/pages/home/mirror/home-mirror-021.jpg	296073
assets/images/pages/home/mirror/home-mirror-022.jpg	186281
assets/images/pages/home/mirror/home-mirror-023.jpg	149965
assets/images/pages/home/mirror/home-mirror-024.jpg	186281
assets/images/pages/home/mirror/home-mirror-025.jpg	132440
assets/images/pages/home/mirror/home-mirror-026.jpg	122401
assets/images/pages/home/mirror/home-mirror-027.jpg	132440
assets/images/pages/home/mirror/home-mirror-028.jpg	124483
assets/images/pages/home/mirror/home-mirror-029.jpg	112002
assets/images/pages/home/mirror/home-mirror-030.jpg	124483
assets/images/pages/home/mirror/home-mirror-031.jpg	149722
assets/images/pages/home/mirror/home-mirror-032.jpg	108892
assets/images/pages/home/mirror/home-mirror-033.jpg	149722
assets/images/pages/home/mirror/home-mirror-034.jpg	180946
assets/images/pages/home/mirror/home-mirror-035.jpg	156504
assets/images/pages/home/mirror/home-mirror-036.jpg	180946
assets/images/pages/home/mirror/home-mirror-037.jpg	238078
assets/images/pages/home/mirror/home-mirror-038.jpg	97607
assets/images/pages/home/mirror/home-mirror-039.jpg	238078
assets/images/pages/home/mirror/home-mirror-040.jpeg	116188
assets/images/pages/home/mirror/home-mirror-041.jpeg	116188
assets/images/pages/home/mirror/home-mirror-042.jpeg	116188
assets/images/pages/home/mirror/home-mirror-043.jpg	207110
assets/images/pages/home/mirror/home-mirror-044.jpg	179478
assets/images/pages/home/mirror/home-mirror-045.jpg	207110
assets/images/pages/home/mirror/home-mirror-046.jpg	98684
assets/images/pages/home/mirror/home-mirror-047.jpg	98684
assets/images/pages/home/mirror/home-mirror-048.jpg	98684
assets/images/pages/home/mirror/home-mirror-049.jpg	109751
assets/images/pages/home/mirror/home-mirror-050.jpg	140823
assets/images/pages/home/mirror/home-mirror-051.jpg	109751
assets/images/pages/home/mirror/home-mirror-052.jpeg	7356
assets/images/pages/home/mirror/home-mirror-053.jpeg	7356
assets/images/pages/home/mirror/home-mirror-054.jpeg	7356
assets/images/pages/home/mirror/home-mirror-055.jpg	176613
assets/images/pages/home/mirror/home-mirror-056.jpg	160769
assets/images/pages/home/mirror/home-mirror-057.jpg	176613
assets/images/pages/home/mirror/home-mirror-058.jpg	27432
assets/images/pages/home/mirror/home-mirror-059.jpg	23684
assets/images/pages/home/mirror/home-mirror-060.jpg	27432
assets/images/pages/home/mirror/home-mirror-061.jpg	277988
assets/images/pages/home/mirror/home-mirror-062.jpg	277988
assets/images/pages/home/mirror/home-mirror-063.jpg	105037
assets/images/pages/home/mirror/home-mirror-064.jpg	116970
assets/images/pages/home/mirror/home-mirror-065.jpg	116970
assets/images/pages/home/mirror/home-mirror-066.jpg	103935
assets/images/pages/home/mirror/home-mirror-067.jpg	157002
assets/images/pages/home/mirror/home-mirror-068.jpg	157002
assets/images/pages/home/mirror/home-mirror-069.jpg	69107
assets/images/pages/home/mirror/home-mirror-070.jpg	211306
assets/images/pages/home/mirror/home-mirror-071.jpg	100119
assets/images/pages/home/mirror/home-mirror-072.jpg	211306
assets/images/pages/home/mirror/home-mirror-073.jpg	140942
assets/images/pages/home/mirror/home-mirror-074.jpg	123742
assets/images/pages/home/mirror/home-mirror-075.jpg	140942
assets/images/pages/home/mirror/home-mirror-076.jpg	271358
assets/images/pages/home/mirror/home-mirror-077.jpg	213404
assets/images/pages/home/mirror/home-mirror-078.jpg	271358
assets/images/pages/home/mirror/home-mirror-079.jpg	663634
assets/images/pages/home/mirror/home-mirror-080.jpg	146358
assets/images/pages/home/mirror/home-mirror-081.jpg	1904961
assets/images/pages/home/mirror/home-mirror-082.jpg	531050
assets/images/pages/home/mirror/home-mirror-083.jpg	146413
assets/images/pages/home/mirror/home-mirror-084.jpg	1428055
assets/images/pages/home/mirror/home-mirror-085.jpg	107331
assets/images/pages/home/mirror/home-mirror-086.jpg	52738
assets/images/pages/home/mirror/home-mirror-087.jpg	107331
assets/images/pages/home/mirror/home-mirror-088.png	9122
assets/images/pages/home/mirror/home-mirror-089.txt	8
assets/images/pages/home/mirror/home-mirror-1001.jpg	109919
assets/images/pages/home/mirror/home-mirror-1002.jpg	88377
assets/images/pages/home/mirror/home-mirror-1003.jpg	109919
