url,class
/,page
/_downloads.html,page
/blog.html,page
/blog/category/Editorial Photography.html,category
/blog/category/Editorial+Photography.html,category
/blog/category/Industry Guides.html,category
/blog/category/Industry+Guides.html,category
/blog/category/Insights.html,category
/blog/category/Model Resources.html,category
/blog/category/Model+Resources.html,category
/blog/category/Photography Guides.html,category
/blog/category/Photography+Guides.html,category
/blog/category/Portrait Photography.html,category
/blog/category/Portrait+Photography.html,category
/blog/how-to-start-modelling-in-brisbane-or-byron-bay-even-with-no-experience.html,blog_article
/blog/private-portrait-sessions-in-brisbane-byron-bay-sydney.html,blog_article
/blog/tag/Brisbane+photographer.html,tag
/blog/tag/Brisbane.html,tag
/blog/tag/Byron+Bay+photographer.html,tag
/blog/tag/Byron+Bay.html,tag
/blog/tag/Sydney+photographer.html,tag
/blog/tag/agency+ready.html,tag
/blog/tag/art+nude+photography.html,tag
/blog/tag/becoming+a+model.html,tag
/blog/tag/bespoke+photography.html,tag
/blog/tag/boudoir+photography.html,tag
/blog/tag/brisbane+fashion+photographer.html,tag
/blog/tag/brisbane+model+agencies.html,tag
/blog/tag/concept+development.html,tag
/blog/tag/dave+blake+photography.html,tag
/blog/tag/editorial+photographer.html,tag
/blog/tag/editorial+portraiture.html,tag
/blog/tag/fashion+industry+advice.html,tag
/blog/tag/getting+signed+in+brisbane.html,tag
/blog/tag/headshots+for+models.html,tag
/blog/tag/how+to+get+signed.html,tag
/blog/tag/location+photography.html,tag
/blog/tag/model+folio+tips.html,tag
/blog/tag/model+portfolio+guide.html,tag
/blog/tag/model+tips+australia.html,tag
/blog/tag/natural+light+portraits.html,tag
/blog/tag/personal+branding+photography.html,tag
/blog/tag/portfolio+photographer.html,tag
/blog/tag/portrait+photography.html,tag
/blog/tag/premium+portraits.html,tag
/blog/tag/private+portrait+sessions.html,tag
/blog/tag/storytelling.html,tag
/blog/tag/studio+portrait+sessions.html,tag
/blog/tag/talent+direction.html,tag
/blog/tag/unsigned+models.html,tag
/blog/tag/visual+narratives.html,tag
/blog/top-modelling-agencies-brisbane-how-to-get-signed.html,blog_article
/blog/what-is-an-editorial-photographer.html,blog_article
/blog﹖format=rss.rss,rss
/contact.html,page
/gift-card.html,page
/gift-card/model-portfolio-gift-card-brisbane-byron-bay-tmp.html,page
/gift-card/model-portfolio-gift-card-brisbane-byron-bay.html,page
/gift-card/photographer-mentoring-gift-card-brisbane-byron-bay-or-remote.html,page
/gift-cards.html,page
/gift-cards/headshot-gift-card-brisbane-byron-bay.html,page
/gift-cards﹖category=Actor Headshots.html,query_variant
/gift-cards﹖category=Actor+Headshots.html,query_variant
/gift-cards﹖category=Gift+Cards.html,query_variant
/gift-cards﹖category=Model+Portfolio+Packages.html,query_variant
/gift-card﹖category=Gift+Cards.html,query_variant
/gift-card﹖category=Photographer+Mentoring.html,query_variant
/model-contact-form.html,page
/model-test-shoots/brisbane.html,page
/model-tests.html,page
/photographer.html,page
/photographer/2016/10/13/gold-coast-fashion-photographer.html,dated_photographer
/photographer/2016/9/12/byron-bay-swimwear-photography.html,dated_photographer
/photographer/2016/9/12/gold-coast-swimwear-photography.html,dated_photographer
/photographer/2016/9/12/swimwear-photography-byron-bay.html,dated_photographer
/photographer/2016/9/12/swimwear-photography-gold-coast.html,dated_photographer
/photographer/2017/10/5/model-portfolios-sydney.html,dated_photographer
/photographer/2017/10/5/sydney-model-portfolios.html,dated_photographer
/photographer/brisbane-fashion-photographer.html,page
/photographer/category/Editorial Guides.html,category
/photographer/category/Editorial+Guides.html,category
/photographer/category/Fashion Photography.html,category
/photographer/category/Fashion+Photography.html,category
/photographer/category/Fitness Lifestyle.html,category
/photographer/category/Fitness+Lifestyle.html,category
/photographer/category/Model Portfolios.html,category
/photographer/category/Model+Portfolios.html,category
/photographer/category/Swimwear Photography.html,category
/photographer/category/Swimwear+Photography.html,category
/photographer/health-fitness-lifestyle-brisbane-gold-coast-byron-bay.html,page
/photographer/swimwear-in-sydney.html,page
/photographer/swimwear-photography-brisbane.html,page
/photographer/swimwear-photography-sydney.html,page
/photographer/sydney-swimwear-photography.html,page
/photographer/tag/Brisbane+Fashion+Photographer.html,tag
/photographer/tag/Byron+Bay+Swimwear+Photography.html,tag
/photographer/tag/Byron+Bay+photographer.html,tag
/photographer/tag/Dave+Blake+Photography.html,tag
/photographer/tag/Editorial+Photography.html,tag
/photographer/tag/Fashion+Photographer+Gold+Coast.html,tag
/photographer/tag/Fashion+Photography+Gold+Coast.html,tag
/photographer/tag/Fitness+Lifestyle+Photography+Brisbane.html,tag
/photographer/tag/Fitness+Lifestyle+Photography+Byron+Bay.html,tag
/photographer/tag/Fitness+Lifestyle+Photography+Gold+Coast.html,tag
/photographer/tag/Fitness+Lifestyle+Photography+Sydney.html,tag
/photographer/tag/Gold+Coast+Fashion+Photographer.html,tag
/photographer/tag/Gold+Coast+Fashion+Photography.html,tag
/photographer/tag/Gold+Coast+Swimwear+Photographer.html,tag
/photographer/tag/Gold+Coast+Swimwear+photography.html,tag
/photographer/tag/Model+Portfolios+Sydney.html,tag
/photographer/tag/Swimwear+photographer+Gold+Coast.html,tag
/photographer/tag/Swimwear+photography+Brisbane.html,tag
/photographer/tag/Swimwear+photography+Byron+Bay.html,tag
/photographer/tag/Swimwear+photography+Gold+Coast.html,tag
/photographer/tag/Swimwear+photography+Sydney.html,tag
/photographer/tag/Sydney+Model+Portfolios.html,tag
/photographer/tag/Sydney+Swimwear+Photographer.html,tag
/photographer/tag/beauty+photography.html,tag
/photographer/tag/lifestyle+photography.html,tag
/photographer/tag/model+portfolio.html,tag
/photographer/tag/private+portraits.html,tag
/photographer/tag/storytelling+imagery.html,tag
/photographer/tag/swimwear+photography.html,tag
/photographer﹖format=rss.rss,rss
/portfolio/beauty.html,page
/portfolio/fashion.html,page
/portfolio/motion.html,page
/portfolio/swimwear.html,page
/services.html,page
/services/beauty.html,page
/services/fashion.html,page
/services/model-portfolios.html,page
/services/model-portfolios/brisbane.html,page
/services/model-portfolios/byron-bay.html,page
/services/model-portfolios/category/Australia.html,category
/services/model-portfolios/category/Brisbane.html,category
/services/model-portfolios/category/Byron Bay.html,category
/services/model-portfolios/category/Byron+Bay.html,category
/services/model-portfolios/category/Sydney.html,category
/services/model-portfolios/sydney.html,page
/services/model-portfolios/tag/Australia.html,tag
/services/model-portfolios/tag/Brisbane.html,tag
/services/model-portfolios/tag/Byron+Bay.html,tag
/services/model-portfolios/tag/Model+Portfolio+Photographer.html,tag
/services/model-portfolios/tag/Model+Portfolio+Photography+Byron+Bay.html,tag
/services/model-portfolios/tag/Model+Test+Photographer.html,tag
/services/model-portfolios/tag/Sydney.html,tag
/services/model-portfolios﹖format=rss.rss,rss
/services/swimwear.html,page
/story.html,page
/story/-antics-march-april-2016-newsletter-is-out.html,story_article
/story/-kirsten-clemens-7up-fun.html,story_article
/story/2016/10/31/interview-with-millicent-lambert.html,dated_story
/story/2016/10/31/monika-clarke-cape-capri-campaign-ss16.html,dated_story
/story/2016/12/13/my-chat-with-model-ellina-fattakhova.html,dated_story
/story/2016/12/3/my-chat-with-millicent-lambert.html,dated_story
/story/2016/12/7/bts-video-for-onebyone-campaign.html,dated_story
/story/2016/6/20/-kirsten-clemens-left-hand-free-video.html,dated_story
/story/2016/6/20/sapphire-degoede-model-dale-dorning.html,dated_story
/story/2016/6/24/antics-may-june-2016-newsletter-is-out.html,dated_story
/story/2016/9/10/something-borrowed-something-blue.html,dated_story
/story/2017/10/31/poolside-with-egith-van-dinther.html,dated_story
/story/2017/11/8/annie-ericson-pools-of-blue.html,dated_story
/story/2017/12/19/swimwear-galore-17-iwillembracesummer-campaign.html,dated_story
/story/2017/2/15/ruby-yaya-campaign-17.html,dated_story
/story/2017/2/21/susie-collins.html,dated_story
/story/2017/2/27/m1aw86n0ot90ifd63dy202bqr8j3up.html,dated_story
/story/2017/2/27/onebyone-clothing-campaign-16.html,dated_story
/story/2017/2/27/schiesser.html,dated_story
/story/2017/2/28/gymshark-womens-robin-gallant.html,dated_story
/story/2017/3/10/isabelle.html,dated_story
/story/2017/3/17/dani-stevens.html,dated_story
/story/2017/3/17/miilk-swimwear.html,dated_story
/story/2017/4/27/sport-l-moda.html,dated_story
/story/2017/4/4/embellished-kaftans.html,dated_story
/story/2017/5/10/clean-living-co.html,dated_story
/story/2017/5/21/annabella-barber-street-style-mbfwa17.html,dated_story
/story/2017/5/29/fashion-week-virgin-mbfwa-2017.html,dated_story
/story/2017/7/10/georgia-jones.html,dated_story
/story/2017/7/12/ruby-yaya-campaign-ss17.html,dated_story
/story/2017/7/19/adidas-ultraboost-x-campaign.html,dated_story
/story/2017/8/16/della-notte.html,dated_story
/story/2017/8/17/miami-swim-17-wrap.html,dated_story
/story/2017/8/30/bella-rouge.html,dated_story
/story/2017/9/13/mollye-rogel.html,dated_story
/story/2017/9/22/lacey-nelson.html,dated_story
/story/2017/9/24/ana-kondratjeva.html,dated_story
/story/2017/9/27/julia-newbery.html,dated_story
/story/2017/9/27/nikki-crerar-mkaz4.html,dated_story
/story/2017/9/5/beth-hurrell.html,dated_story
/story/2018/10/15/polo-los-loosa.html,dated_story
/story/2018/2/2/ruby-yaya-18.html,dated_story
/story/2018/3/22/kate.html,dated_story
/story/2018/3/22/zemira-whitehead.html,dated_story
/story/2018/4/9/girl-friday.html,dated_story
/story/2018/5/26/camilla-marc-resort-2019-backstage-beauty-georgia-fowler-charlee-fraser.html,dated_story
/story/2018/5/31/lee-mathews-resort-2019-backstage-beauty-isabel-lucas.html,dated_story
/story/2018/5/8/a-waking-angel-kate.html,dated_story
/story/2018/5/9/elixir-of-youth.html,dated_story
/story/2018/6/10/zi-life-swimwear-campaign-byron-bay-jodi-lee.html,dated_story
/story/2018/6/11/on-island-time-miluniel.html,dated_story
/story/2018/6/14/bimby-and-roy-aw18-campaign.html,dated_story
/story/2018/6/22/thomas-puttick-resort-19.html,dated_story
/story/2018/6/5/ehlana-raw.html,dated_story
/story/2018/6/5/karla-bodycote.html,dated_story
/story/2018/7/11/flora-bella-18.html,dated_story
/story/2018/8/30/summer-is-calling-elle-mcnamara.html,dated_story
/story/2018/8/8/kane-anderson.html,dated_story
/story/2018/charlotte-coqueline-img-sydney.html,dated_story
/story/2018/itty-bitty-barbershop-for-imirage-magazine.html,dated_story
/story/2018/nikon-water-housing-portrait-taya-brooks.html,dated_story
/story/2018/ruby-yaya-fashion-villa-rustica.html,dated_story
/story/2019/alys-hale-model-writer.html,dated_story
/story/2020/podcast-interview-with-chaye-hartwell.html,dated_story
/story/aafw22-x-grittypretty-x-redken.html,story_article
/story/abbey-maher-viviens-balistarz-lifes-a-beach.html,story_article
/story/abigail-oneill-beauty.html,story_article
/story/aje-mothers-day-edit-2022.html,story_article
/story/andean-collective-byron-bay-ss20.html,story_article
/story/andy-kovszun-stitchandhide21.html,story_article
/story/anouk-daddo-img-models-beauty.html,story_article
/story/audrey-bradford-imd-inc-mavrick-agency-chasing-waterfalls.html,story_article
/story/audrey-bradford.html,story_article
/story/barungas-next-top-model-2025.html,story_article
/story/caroline-low-img-models-beauty.html,story_article
/story/caroline-lowe-img-models-beauty-gold-eyeshadow.html,story_article
/story/category/@daveblakephoto.html,category
/story/category/Advertising.html,category
/story/category/Article.html,category
/story/category/Beauty.html,category
/story/category/Behind The Scenes.html,category
/story/category/Behind+The+Scenes.html,category
/story/category/Body.html,category
/story/category/Bridal.html,category
/story/category/Campaign.html,category
/story/category/Commercial.html,category
/story/category/Commissions.html,category
/story/category/Editorial.html,category
/story/category/Fashion Week.html,category
/story/category/Fashion+Week.html,category
/story/category/Fashion.html,category
/story/category/Indoor.html,category
/story/category/Lifestyle.html,category
/story/category/Lookbook.html,category
/story/category/Model Interviews.html,category
/story/category/Model+Interviews.html,category
/story/category/Models.html,category
/story/category/Newsletter.html,category
/story/category/Outdoor.html,category
/story/category/Personal Work.html,category
/story/category/Personal+Work.html,category
/story/category/Podcast.html,category
/story/category/Portrait.html,category
/story/category/Press Kit.html,category
/story/category/Press+Kit.html,category
/story/category/Street Style.html,category
/story/category/Street+Style.html,category
/story/category/Swim.html,category
/story/category/Swimwear.html,category
/story/category/Sydney Fashion Week.html,category
/story/category/Sydney+Fashion+Week.html,category
/story/category/video.html,category
/story/charlotte-she-does-as-she-pleases.html,story_article
/story/chaye-unfolding.html,story_article
/story/coach-micro-mini-anna-feller.html,story_article
/story/commissioned/sand-and-sky.html,story_article
/story/commissions/tagheuer-advertorial-dont-crack-under-pressure-in-augustman-magazine.html,story_article
/story/craig-ruddy-artist.html,story_article
/story/enzo-and-toto-aw19-abigail-oneill-deux-belettes.html,story_article
/story/facesoffashionweek/nyfw-19.html,story_article
/story/fishermans-friend-beauty-editorial.html,story_article
/story/isadora-vieira-beauty.html,story_article
/story/jordie-shennan-model-video.html,story_article
/story/kirsten-clemens-model-video-showreel.html,story_article
/story/marvell-lane-swim-laura-wells-c18.html,story_article
/story/michelle-bagarra-model-beach-video-062020.html,story_article
/story/personal/35mm-kodak-ektachrome-e100-cross-processed-nikon-f100-70-200-28-f4.html,story_article
/story/personal/barbara-di-creddo-img-new-york.html,story_article
/story/personal/michelle-bagarra-quantum-jumping.html,story_article
/story/personal/run-rabbit-run-beauty-loli-watson.html,story_article
/story/postcards-from-paradise.html,story_article
/story/tag/Activewear.html,tag
/story/tag/Australian+fashion.html,tag
/story/tag/Barunga+Festival.html,tag
/story/tag/Beauty.html,tag
/story/tag/Beth+Hurrell.html,tag
/story/tag/Byron+Bay.html,tag
/story/tag/Campaign+Edge+Sprout.html,tag
/story/tag/Campaign.html,tag
/story/tag/Caroline+Lowe.html,tag
/story/tag/Charlee+Fraser.html,tag
/story/tag/Charlotte+Coqueline.html,tag
/story/tag/Chiara+Dorward.html,tag
/story/tag/Chloe.html,tag
/story/tag/Commercial.html,tag
/story/tag/Community+collaboration.html,tag
/story/tag/Craig+Ruddy+Artist.html,tag
/story/tag/Dani+Stevens.html,tag
/story/tag/Dave+Blake.html,tag
/story/tag/Editorial+photography.html,tag
/story/tag/Editorial.html,tag
/story/tag/Egith+van+Dinther.html,tag
/story/tag/Emma+Chen.html,tag
/story/tag/Fashion+Editorial.html,tag
/story/tag/Fashion+Week.html,tag
/story/tag/Fashion+storytelling.html,tag
/story/tag/First+Nations+fashion.html,tag
/story/tag/Georgia+Fowler.html,tag
/story/tag/Georgia+Jones.html,tag
/story/tag/IMG+Models.html,tag
/story/tag/Indigenous+Australia.html,tag
/story/tag/Isabel+Lucas.html,tag
/story/tag/Isabelle+van+der+Tuin.html,tag
/story/tag/Jayde+Stella.html,tag
/story/tag/Julia+Durham.html,tag
/story/tag/Julia+Newbery.html,tag
/story/tag/Lacey+Nelson.html,tag
/story/tag/Lazy+Suzan.html,tag
/story/tag/Lee+Mathews.html,tag
/story/tag/Lilli+Tronc-Robinson.html,tag
/story/tag/MBFW17.html,tag
/story/tag/MBFWA.html,tag
/story/tag/MBFWA17.html,tag
/story/tag/MBFWA18.html,tag
/story/tag/Mel+Oldenberg.html,tag
/story/tag/Mercedes+Benz+Fashion+Week+Australia.html,tag
/story/tag/Miami+Beach.html,tag
/story/tag/Miami+Swim.html,tag
/story/tag/Model+Test.html,tag
/story/tag/Model.html,tag
/story/tag/Mollye+Rogel.html,tag
/story/tag/NYFW.html,tag
/story/tag/Natalia+de+Martin.html,tag
/story/tag/New+York.html,tag
/story/tag/Nikki+Crerar.html,tag
/story/tag/Northern+Territory+photography.html,tag
/story/tag/Personal+Work.html,tag
/story/tag/Podcast.html,tag
/story/tag/Press+Kit.html,tag
/story/tag/Que+Models.html,tag
/story/tag/Resort.html,tag
/story/tag/Roberta+Pecoraro.html,tag
/story/tag/Ruby+Yaya.html,tag
/story/tag/Sami+Simper.html,tag
/story/tag/Scoop+Management.html,tag
/story/tag/Simone+Forte.html,tag
/story/tag/Social+Campaign.html,tag
/story/tag/Steph+Claire+Smith.html,tag
/story/tag/Steph+Rayner.html,tag
/story/tag/Studio.html,tag
/story/tag/Susie+Collins.html,tag
/story/tag/Sydney.html,tag
/story/tag/TagHeuer.html,tag
/story/tag/Underwear.html,tag
/story/tag/Valentina+Pintus.html,tag
/story/tag/Villa+Rustica.html,tag
/story/tag/Wilhelmina+NY.html,tag
/story/tag/Womens+Fashion.html,tag
/story/tag/Youth+empowerment.html,tag
/story/tag/advertising.html,tag
/story/tag/behind+the+scenes.html,tag
/story/tag/jordie+shennan.html,tag
/story/tag/law+of+attraction.html,tag
/story/tag/millicent+lambert.html,tag
/story/tag/monika+clarke.html,tag
/story/tag/newsletter-2015-december.html,tag
/story/tag/newsletter-2016-february.html,tag
/story/tag/newsletter-2016-june.html,tag
/story/tag/silka+kurzak.html,tag
/story/tag/swimwear.html,tag
/story/tag/video.html,tag
/story/tag/viviens+models.html,tag
/story/tania-olsen-designs-2020-charlie-robertson-katie-kugis-deux-belettes.html,story_article
/story/tenacity-talent-and-shooting-what-you-love-my-three-year-vision.html,story_article
/story﹖format=rss.rss,rss
/story﹖offset=1466398729674&category=Personal+Work.html,query_variant
/story﹖offset=1477885777417.html,query_variant
/story﹖offset=1481099049080&category=Campaign.html,query_variant
/story﹖offset=1500432589338&category=Commercial.html,query_variant
/story﹖offset=1502884445534&category=Fashion.html,query_variant
/story﹖offset=1502884445534.html,query_variant
/story﹖offset=1507025181895&category=Beauty.html,query_variant
/story﹖offset=1528078920801.html,query_variant
/story﹖offset=1529722005749&category=Personal+Work.html,query_variant
/story﹖offset=1554591133687.html,query_variant
/subscribe.html,page
